,Date,Province,Unnamed: 0,count,mosquito,date,Dengue
0,2015-01-01,abra,0,34.0,42.73764705882353,2015-01-01,24.87974788522143
1,2015-02-01,abra,1,33.0,39.93939393939394,2015-02-01,12.025211477857024
2,2015-03-01,abra,2,18.0,36.48,2015-03-01,4.146624647536905
3,2015-04-01,abra,3,4.0,29.975,2015-04-01,7.049261900812739
4,2015-05-01,abra,4,3.0,43.0,2015-05-01,24.050422955714048
5,2015-06-01,abra,5,19.0,49.2,2015-06-01,34.41698457455631
6,2015-07-01,abra,6,40.0,58.40399999999998,2015-07-01,60.9553823187925
7,2015-08-01,abra,7,41.0,69.58756097560975,2015-08-01,104.08027865317632
8,2015-09-01,abra,8,47.0,58.56659574468085,2015-09-01,110.71487808923537
9,2015-10-01,abra,9,38.0,47.926315789473676,2015-10-01,51.41814562945762
10,2015-11-01,abra,10,45.0,47.33133333333334,2015-11-01,27.36772267374357
11,2015-12-01,abra,11,37.0,53.670270270270265,2015-12-01,11.195886548349643
12,2015-01-01,agusan del norte,0,38.0,46.66447368421054,2015-01-01,21.400705066472327
13,2015-02-01,agusan del norte,1,20.0,29.05,2015-02-01,19.231714688113644
14,2015-03-01,agusan del norte,2,5.0,27.8,2015-03-01,10.700352533236163
15,2015-04-01,agusan del norte,3,,18.03636363636364,2015-04-01,7.9529647206485
16,2015-05-01,agusan del norte,4,,31.357142857142854,2015-05-01,12.580144194480354
17,2015-06-01,agusan del norte,5,,41.37215384615384,2015-06-01,11.71254804313688
18,2015-07-01,agusan del norte,6,7.0,45.938571428571436,2015-07-01,18.653317253884662
19,2015-08-01,agusan del norte,7,25.0,39.1308,2015-08-01,20.388509556571606
20,2015-09-01,agusan del norte,8,13.0,25.403076923076924,2015-09-01,40.77701911314321
21,2015-10-01,agusan del norte,9,15.0,31.292000000000005,2015-10-01,45.8379966626468
22,2015-11-01,agusan del norte,10,11.0,48.38636363636363,2015-11-01,54.22475945896704
23,2015-12-01,agusan del norte,11,6.0,35.93833333333333,2015-12-01,65.64810878498943
24,2015-01-01,agusan del sur,0,16.0,55.5,2015-01-01,15.985088196296884
25,2015-02-01,agusan del sur,1,9.0,35.666666666666664,2015-02-01,7.278924089385188
26,2015-03-01,agusan del sur,2,5.0,20.6,2015-03-01,11.275196138459409
27,2015-04-01,agusan del sur,3,,23.077777777777772,2015-04-01,6.708028082374585
28,2015-05-01,agusan del sur,4,,28.363636363636363,2015-05-01,6.279856077116633
29,2015-06-01,agusan del sur,5,,46.48365384615385,2015-06-01,9.5625081174276
30,2015-07-01,agusan del sur,6,2.0,74.475,2015-07-01,22.122220271660865
31,2015-08-01,agusan del sur,7,11.0,39.64545454545455,2015-08-01,27.545732338261594
32,2015-09-01,agusan del sur,8,22.0,19.152727272727272,2015-09-01,27.831180341766895
33,2015-10-01,agusan del sur,9,18.0,25.64277777777778,2015-10-01,23.26401228568207
34,2015-11-01,agusan del sur,10,13.0,21.023076923076925,2015-11-01,33.11196840661497
35,2015-12-01,agusan del sur,11,11.0,26.73909090909091,2015-12-01,30.68566037681991
36,2015-01-01,aklan,0,6.0,39.833333333333336,2015-01-01,8.698329746722035
37,2015-02-01,aklan,1,5.0,26.4,2015-02-01,4.697098063229898
38,2015-03-01,aklan,2,,37.118421052631575,2015-03-01,5.566931037902101
39,2015-04-01,aklan,3,,15.796315789473686,2015-04-01,3.4793318986888133
40,2015-05-01,aklan,4,,18.278571428571436,2015-05-01,3.653298493623254
41,2015-06-01,aklan,5,,29.250819672131147,2015-06-01,7.65453017711539
42,2015-07-01,aklan,6,,48.86173469387754,2015-07-01,25.57308945536278
43,2015-08-01,aklan,7,12.0,18.88833333333333,2015-08-01,33.92348601221593
44,2015-09-01,aklan,8,32.0,30.2525,2015-09-01,37.2288513159703
45,2015-10-01,aklan,9,21.0,29.40333333333333,2015-10-01,32.70571984767485
46,2015-11-01,aklan,10,10.0,21.715,2015-11-01,23.48549031614949
47,2015-12-01,aklan,11,8.0,29.045,2015-12-01,11.133862075804203
48,2015-01-01,albay,0,42.0,36.375238095238096,2015-01-01,2.8140605677101
49,2015-02-01,albay,1,57.0,39.060526315789474,2015-02-01,1.4450581293646458
50,2015-03-01,albay,2,25.0,40.64,2015-03-01,0.5323898371343432
51,2015-04-01,albay,3,5.0,19.360000000000007,2015-04-01,0.30422276407676757
52,2015-05-01,albay,4,3.0,18.623333333333328,2015-05-01,0.760556910191919
53,2015-06-01,albay,5,1.0,66.67,2015-06-01,0.8366126012111108
54,2015-07-01,albay,6,6.0,34.416666666666664,2015-07-01,2.9661719497484835
55,2015-08-01,albay,7,35.0,38.61257142857144,2015-08-01,2.9661719497484835
56,2015-09-01,albay,8,57.0,37.920175438596495,2015-09-01,3.3464504048444432
57,2015-10-01,albay,9,52.0,39.87038461538461,2015-10-01,3.498561786882827
58,2015-11-01,albay,10,75.0,38.01213333333335,2015-11-01,3.9548959329979785
59,2015-12-01,albay,11,63.0,44.22984126984127,2015-12-01,3.7267288599404025
60,2015-01-01,antique,0,1.0,35.0,2015-01-01,1.546359868868683
61,2015-02-01,antique,1,3.0,31.0,2015-02-01,3.092719737737366
62,2015-03-01,antique,2,,31.3,2015-03-01,2.5772664481144716
63,2015-04-01,antique,3,,18.73583333333333,2015-04-01,2.7490842113221032
64,2015-05-01,antique,4,,32.333333333333336,2015-05-01,4.295444080190786
65,2015-06-01,antique,5,,46.454426229508194,2015-06-01,10.48088355566552
66,2015-07-01,antique,6,,48.46983606557378,2015-07-01,26.631753297182875
67,2015-08-01,antique,7,2.0,46.43,2015-08-01,45.703525013229964
68,2015-09-01,antique,8,8.0,64.46125,2015-09-01,43.81352961794602
69,2015-10-01,antique,9,11.0,54.223636363636366,2015-10-01,24.91357566510656
70,2015-11-01,antique,10,14.0,53.05571428571428,2015-11-01,23.882669085860773
71,2015-12-01,antique,11,6.0,26.185,2015-12-01,12.370878950949464
72,2015-01-01,apayao,0,33.0,41.514545454545456,2015-01-01,34.4005906833132
73,2015-02-01,apayao,1,31.0,45.377419354838715,2015-02-01,23.493086320311452
74,2015-03-01,apayao,2,22.0,35.32136363636364,2015-03-01,9.229426768693784
75,2015-04-01,apayao,3,2.0,31.5,2015-04-01,5.873271580077863
76,2015-05-01,apayao,4,1.0,50.0,2015-05-01,6.7123103772318435
77,2015-06-01,apayao,5,2.0,49.105,2015-06-01,77.19156933816619
78,2015-07-01,apayao,6,23.0,49.62347826086956,2015-07-01,109.07504363001745
79,2015-08-01,apayao,7,29.0,53.97724137931034,2015-08-01,234.09182440596052
80,2015-09-01,apayao,8,30.0,48.849,2015-09-01,145.9927507047926
81,2015-10-01,apayao,9,21.0,36.68142857142857,2015-10-01,102.3627332527856
82,2015-11-01,apayao,10,18.0,39.38444444444442,2015-11-01,103.20177204993959
83,2015-12-01,apayao,11,14.0,57.74500000000001,2015-12-01,93.97234528124581
84,2015-01-01,aurora,0,7.0,38.91285714285714,2015-01-01,16.329501343684683
85,2015-02-01,aurora,1,7.0,38.857142857142854,2015-02-01,9.331143624962676
86,2015-03-01,aurora,2,6.0,45.83333333333334,2015-03-01,9.797700806210809
87,2015-04-01,aurora,3,4.0,78.0,2015-04-01,9.797700806210809
88,2015-05-01,aurora,4,2.0,76.5,2015-05-01,10.264257987458944
89,2015-06-01,aurora,5,11.0,51.68363636363636,2015-06-01,14.929829799940281
90,2015-07-01,aurora,6,25.0,40.0444,2015-07-01,40.123917587339506
91,2015-08-01,aurora,7,23.0,44.94695652173913,2015-08-01,49.45506121230218
92,2015-09-01,aurora,8,21.0,35.070476190476185,2015-09-01,73.71603463720514
93,2015-10-01,aurora,9,13.0,41.751538461538466,2015-10-01,69.51702000597193
94,2015-11-01,aurora,10,12.0,37.21666666666667,2015-11-01,33.592117049865635
95,2015-12-01,aurora,11,10.0,38.054,2015-12-01,43.856375037324575
96,2015-01-01,basilan,0,,44.32914027149321,2015-01-01,3.483053854543317
97,2015-02-01,basilan,1,,43.43468,2015-02-01,3.483053854543317
98,2015-03-01,basilan,2,,44.19710280373831,2015-03-01,4.789199049997061
99,2015-04-01,basilan,3,,8.9625,2015-04-01,4.136126452270189
100,2015-05-01,basilan,4,,27.91666666666667,2015-05-01,2.6122903909074875
101,2015-06-01,basilan,5,,45.589375,2015-06-01,6.095344245450804
102,2015-07-01,basilan,6,,46.705765306122466,2015-07-01,12.408379356810567
103,2015-08-01,basilan,7,,46.82348484848487,2015-08-01,6.313035111359762
104,2015-09-01,basilan,8,,49.38109311740892,2015-09-01,5.877653379541847
105,2015-10-01,basilan,9,,44.55231958762887,2015-10-01,3.9184355863612317
106,2015-11-01,basilan,10,,40.15056818181818,2015-11-01,4.5715081840881036
107,2015-12-01,basilan,11,,42.91578125000001,2015-12-01,5.006889915906018
108,2015-01-01,bataan,0,16.0,27.625,2015-01-01,24.715703674488925
109,2015-02-01,bataan,1,18.0,34.55555555555556,2015-02-01,18.66824426477355
110,2015-03-01,bataan,2,14.0,34.69857142857143,2015-03-01,12.226385328337606
111,2015-04-01,bataan,3,4.0,18.0,2015-04-01,6.7047919542496555
112,2015-05-01,bataan,4,3.0,18.0,2015-05-01,4.469861302833103
113,2015-06-01,bataan,5,26.0,36.020769230769226,2015-06-01,3.1551962137645435
114,2015-07-01,bataan,6,40.0,40.6135,2015-07-01,7.625057516597647
115,2015-08-01,bataan,7,38.0,42.50026315789473,2015-08-01,12.75225136396503
116,2015-09-01,bataan,8,44.0,34.20249999999999,2015-09-01,21.69197396963124
117,2015-10-01,bataan,9,35.0,31.456,2015-10-01,43.778347465983046
118,2015-11-01,bataan,10,31.0,30.361290322580647,2015-11-01,57.84526391901663
119,2015-12-01,bataan,11,24.0,26.66291666666667,2015-12-01,53.7698021429041
120,2015-01-01,batangas,0,48.0,26.696874999999995,2015-01-01,9.204497584747257
121,2015-02-01,batangas,1,41.0,27.97560975609756,2015-02-01,5.455891713539705
122,2015-03-01,batangas,2,13.0,15.307692307692307,2015-03-01,4.7135935212213775
123,2015-04-01,batangas,3,,23.33333333333333,2015-04-01,2.6351585827300616
124,2015-05-01,batangas,4,,32.69230769230769,2015-05-01,3.6743760519757194
125,2015-06-01,batangas,5,83.0,26.43096385542169,2015-06-01,5.047627707764625
126,2015-07-01,batangas,6,171.0,27.03356725146199,2015-07-01,11.171587794390824
127,2015-08-01,batangas,7,146.0,30.805068493150678,2015-08-01,26.0917814599892
128,2015-09-01,batangas,8,155.0,29.438709677419357,2015-09-01,35.741657960127455
129,2015-10-01,batangas,9,121.0,30.760578512396684,2015-10-01,45.614223917961205
130,2015-11-01,batangas,10,113.0,28.80938053097345,2015-11-01,34.85090012934546
131,2015-12-01,batangas,11,103.0,22.18951456310679,2015-12-01,12.507724540563814
132,2015-01-01,benguet,0,8.0,38.75,2015-01-01,6.5690572139617736
133,2015-02-01,benguet,1,12.0,25.83333333333333,2015-02-01,4.800464887125911
134,2015-03-01,benguet,2,5.0,12.4,2015-03-01,4.92679291047133
135,2015-04-01,benguet,3,5.0,14.6,2015-04-01,6.063745120580099
136,2015-05-01,benguet,4,2.0,16.5,2015-05-01,4.674136863780492
137,2015-06-01,benguet,5,2.0,9.72,2015-06-01,27.286853042610442
138,2015-07-01,benguet,6,23.0,21.47739130434783,2015-07-01,55.45800224863882
139,2015-08-01,benguet,7,26.0,22.831923076923083,2015-08-01,87.67164820172059
140,2015-09-01,benguet,8,31.0,23.65,2015-09-01,92.4721130888465
141,2015-10-01,benguet,9,32.0,30.91625,2015-10-01,85.39774378150305
142,2015-11-01,benguet,10,28.0,13.301428571428573,2015-11-01,62.91135562601852
143,2015-12-01,benguet,11,13.0,11.099999999999998,2015-12-01,50.910193408203746
144,2015-01-01,biliran,0,1.0,55.0,2015-01-01,4.661678670489243
145,2015-02-01,biliran,1,,40.23766990291261,2015-02-01,20.394844183390436
146,2015-03-01,biliran,2,,34.82566666666666,2015-03-01,9.90606717478964
147,2015-04-01,biliran,3,,21.845,2015-04-01,4.078968836678087
148,2015-05-01,biliran,4,,26.678461538461537,2015-05-01,5.827098338111553
149,2015-06-01,biliran,5,4.0,30.28,2015-06-01,7.57522783954502
150,2015-07-01,biliran,6,10.0,58.39700000000001,2015-07-01,10.488777008600797
151,2015-08-01,biliran,7,8.0,56.755,2015-08-01,2.9135491690557767
152,2015-09-01,biliran,8,9.0,54.61555555555553,2015-09-01,3.4962590028669323
153,2015-10-01,biliran,9,3.0,35.0,2015-10-01,4.661678670489243
154,2015-11-01,biliran,10,,37.469859154929594,2015-11-01,4.661678670489243
155,2015-12-01,biliran,11,2.0,61.11,2015-12-01,5.244388504300399
156,2015-01-01,bohol,0,34.0,44.925588235294114,2015-01-01,13.170315783062822
157,2015-02-01,bohol,1,57.0,41.631578947368425,2015-02-01,7.156125338774019
158,2015-03-01,bohol,2,29.0,44.31034482758621,2015-03-01,6.470964402082889
159,2015-04-01,bohol,3,2.0,7.5,2015-04-01,3.349675690489966
160,2015-05-01,bohol,4,3.0,15.0,2015-05-01,2.5122567678674748
161,2015-06-01,bohol,5,8.0,37.30375,2015-06-01,5.2529005146319925
162,2015-07-01,bohol,6,40.0,54.25075,2015-07-01,17.43353938914096
163,2015-08-01,bohol,7,40.0,60.07550000000001,2015-08-01,30.984500137032185
164,2015-09-01,bohol,8,49.0,55.165918367346926,2015-09-01,41.18578519443345
165,2015-10-01,bohol,9,50.0,48.12860000000001,2015-10-01,38.52127044063461
166,2015-11-01,bohol,10,25.0,57.55280000000001,2015-11-01,29.385791284752884
167,2015-12-01,bohol,11,20.0,46.645,2015-12-01,23.98063278418953
168,2015-01-01,bukidnon,0,1.0,42.86,2015-01-01,15.474560246914628
169,2015-02-01,bukidnon,1,,51.71681415929204,2015-02-01,12.153535901686373
170,2015-03-01,bukidnon,2,1.0,46.0,2015-03-01,10.881654237556404
171,2015-04-01,bukidnon,3,,23.077777777777772,2015-04-01,11.093634514911399
172,2015-05-01,bukidnon,4,,28.363636363636363,2015-05-01,13.213437288461348
173,2015-06-01,bukidnon,5,,45.298529411764704,2015-06-01,26.568194761826025
174,2015-07-01,bukidnon,6,43.0,51.30767441860465,2015-07-01,45.29311926151724
175,2015-08-01,bukidnon,7,45.0,56.534222222222226,2015-08-01,37.16720862957577
176,2015-09-01,bukidnon,8,52.0,55.00288461538461,2015-09-01,28.89997781273097
177,2015-10-01,bukidnon,9,39.0,51.392564102564116,2015-10-01,23.883111248662757
178,2015-11-01,bukidnon,10,39.0,55.554102564102564,2015-11-01,18.93690477704621
179,2015-12-01,bukidnon,11,28.0,52.727857142857154,2015-12-01,17.877003390271234
180,2015-01-01,bulacan,0,37.0,13.96108108108108,2015-01-01,8.049644129789424
181,2015-02-01,bulacan,1,32.0,13.90625,2015-02-01,8.019268114205314
182,2015-03-01,bulacan,2,23.0,22.17391304347826,2015-03-01,5.984075070069874
183,2015-04-01,bulacan,3,4.0,30.25,2015-04-01,4.769034446705432
184,2015-05-01,bulacan,4,2.0,37.0,2015-05-01,4.6171543687848775
185,2015-06-01,bulacan,5,60.0,20.6325,2015-06-01,10.206341236261308
186,2015-07-01,bulacan,6,110.0,31.56518181818181,2015-07-01,33.20098503343336
187,2015-08-01,bulacan,7,116.0,32.10974137931036,2015-08-01,56.681645079951195
188,2015-09-01,bulacan,8,115.0,40.4533043478261,2015-09-01,65.91595381752094
189,2015-10-01,bulacan,9,98.0,35.50612244897961,2015-10-01,58.80796617083897
190,2015-11-01,bulacan,10,97.0,26.34257731958763,2015-11-01,29.009094882826037
191,2015-12-01,bulacan,11,62.0,22.778387096774196,2015-12-01,13.729959044018187
192,2015-01-01,cagayan,0,,32.965112781954886,2015-01-01,9.505386385618518
193,2015-02-01,cagayan,1,2.0,90.625,2015-02-01,7.921155321348764
194,2015-03-01,cagayan,2,,21.5328,2015-03-01,4.252409698829337
195,2015-04-01,cagayan,3,,20.85,2015-04-01,4.919454357469233
196,2015-05-01,cagayan,4,,35.0,2015-05-01,12.256945602508088
197,2015-06-01,cagayan,5,,42.290689655172415,2015-06-01,42.023813494313444
198,2015-07-01,cagayan,6,8.0,61.05875,2015-07-01,91.30173765133576
199,2015-08-01,cagayan,7,21.0,75.58809523809524,2015-08-01,138.74528899709836
200,2015-09-01,cagayan,8,24.0,62.30583333333333,2015-09-01,46.776506687122705
201,2015-10-01,cagayan,9,19.0,38.41315789473684,2015-10-01,27.098689257245773
202,2015-11-01,cagayan,10,42.0,37.45833333333332,2015-11-01,16.09245238968749
203,2015-12-01,cagayan,11,30.0,41.417333333333346,2015-12-01,2.6681786345595837
204,2015-01-01,camarines norte,0,19.0,51.05263157894736,2015-01-01,1.200041830029504
205,2015-02-01,camarines norte,1,30.0,48.96066666666666,2015-02-01,1.5429109243236478
206,2015-03-01,camarines norte,2,13.0,54.384615384615394,2015-03-01,0.342869094294144
207,2015-04-01,camarines norte,3,5.0,18.316,2015-04-01,0.85717273573536
208,2015-05-01,camarines norte,4,3.0,28.736666666666668,2015-05-01,1.200041830029504
209,2015-06-01,camarines norte,5,,29.28773809523809,2015-06-01,1.028607282882432
210,2015-07-01,camarines norte,6,1.0,42.86,2015-07-01,1.885780018617792
211,2015-08-01,camarines norte,7,17.0,48.88411764705882,2015-08-01,4.800167320118016
212,2015-09-01,camarines norte,8,25.0,59.24760000000001,2015-09-01,0.85717273573536
213,2015-10-01,camarines norte,9,17.0,60.78411764705882,2015-10-01,1.885780018617792
214,2015-11-01,camarines norte,10,21.0,60.16952380952381,2015-11-01,1.71434547147072
215,2015-12-01,camarines norte,11,9.0,57.57222222222222,2015-12-01,0.0
216,2015-01-01,camarines sur,0,56.0,28.84107142857143,2015-01-01,2.253470344330269
217,2015-02-01,camarines sur,1,46.0,20.438695652173923,2015-02-01,1.9973941688381927
218,2015-03-01,camarines sur,2,16.0,17.5125,2015-03-01,1.5876722880508711
219,2015-04-01,camarines sur,3,5.0,15.484000000000002,2015-04-01,1.3315961125587952
220,2015-05-01,camarines sur,4,3.0,16.94,2015-05-01,1.7413179933461167
221,2015-06-01,camarines sur,5,2.0,70.0,2015-06-01,3.431420751593818
222,2015-07-01,camarines sur,6,5.0,55.513999999999996,2015-07-01,6.50433485749873
223,2015-08-01,camarines sur,7,20.0,44.03150000000001,2015-08-01,12.138010718324402
224,2015-09-01,camarines sur,8,23.0,31.921739130434784,2015-09-01,8.040791910451185
225,2015-10-01,camarines sur,9,23.0,28.11260869565218,2015-10-01,5.736106331022502
226,2015-11-01,camarines sur,10,24.0,34.99791666666666,2015-11-01,5.22395398003835
227,2015-12-01,camarines sur,11,28.0,28.187500000000004,2015-12-01,2.56076175492076
228,2015-01-01,camiguin,0,,51.012268041237114,2015-01-01,36.16718280250458
229,2015-02-01,camiguin,1,,45.107843137254896,2015-02-01,36.16718280250458
230,2015-03-01,camiguin,2,,43.272558139534894,2015-03-01,53.1205497411786
231,2015-04-01,camiguin,3,,18.03636363636364,2015-04-01,11.30224462578268
232,2015-05-01,camiguin,4,,37.846153846153854,2015-05-01,6.781346775469609
233,2015-06-01,camiguin,5,2.0,0.0,2015-06-01,7.911571238047876
234,2015-07-01,camiguin,6,12.0,42.07583333333333,2015-07-01,11.30224462578268
235,2015-08-01,camiguin,7,24.0,42.53333333333335,2015-08-01,24.864938176721896
236,2015-09-01,camiguin,8,26.0,52.00346153846154,2015-09-01,48.59965189086552
237,2015-10-01,camiguin,9,18.0,52.145,2015-10-01,105.11087501977893
238,2015-11-01,camiguin,10,16.0,59.668125,2015-11-01,92.67840593141798
239,2015-12-01,camiguin,11,12.0,63.42916666666665,2015-12-01,79.11571238047877
240,2015-01-01,capiz,0,,37.5936,2015-01-01,7.4863669317978845
241,2015-02-01,capiz,1,,40.43333333333333,2015-02-01,5.384930600065145
242,2015-03-01,capiz,2,,34.84415584415584,2015-03-01,4.990911287865256
243,2015-04-01,capiz,3,,19.562777777777782,2015-04-01,6.172969224464922
244,2015-05-01,capiz,4,,23.3,2015-05-01,4.990911287865256
245,2015-06-01,capiz,5,,46.30109090909092,2015-06-01,6.829668078131403
246,2015-07-01,capiz,6,,45.80761194029851,2015-07-01,22.19642125392706
247,2015-08-01,capiz,7,,38.981910112359564,2015-08-01,29.81412795645824
248,2015-09-01,capiz,8,5.0,33.4,2015-09-01,33.491641536990535
249,2015-10-01,capiz,9,7.0,23.285714285714285,2015-10-01,33.88566084919042
250,2015-11-01,capiz,10,12.0,44.41583333333333,2015-11-01,25.479915522259464
251,2015-12-01,capiz,11,7.0,52.644285714285715,2015-12-01,17.3368497367951
252,2015-01-01,catanduanes,0,25.0,30.0028,2015-01-01,0.766389233764044
253,2015-02-01,catanduanes,1,31.0,29.51612903225807,2015-02-01,1.9159730844101102
254,2015-03-01,catanduanes,2,15.0,35.86666666666667,2015-03-01,3.448751551938198
255,2015-04-01,catanduanes,3,5.0,16.954,2015-04-01,0.766389233764044
256,2015-05-01,catanduanes,4,3.0,16.580000000000002,2015-05-01,1.9159730844101102
257,2015-06-01,catanduanes,5,4.0,41.1075,2015-06-01,0.766389233764044
258,2015-07-01,catanduanes,6,4.0,52.1,2015-07-01,3.448751551938198
259,2015-08-01,catanduanes,7,17.0,27.707058823529405,2015-08-01,3.448751551938198
260,2015-09-01,catanduanes,8,21.0,28.58619047619048,2015-09-01,2.299167701292132
261,2015-10-01,catanduanes,9,19.0,35.241578947368424,2015-10-01,4.981530019466287
262,2015-11-01,catanduanes,10,22.0,40.77318181818181,2015-11-01,6.131113870112352
263,2015-12-01,catanduanes,11,10.0,45.839,2015-12-01,4.981530019466287
264,2015-01-01,cavite,0,27.0,16.91074074074074,2015-01-01,15.79533594450264
265,2015-02-01,cavite,1,30.0,15.933333333333335,2015-02-01,13.8650969564481
266,2015-03-01,cavite,2,12.0,12.398333333333332,2015-03-01,9.460889687929292
267,2015-04-01,cavite,3,,23.33333333333333,2015-04-01,5.029495954789997
268,2015-05-01,cavite,4,3.0,50.0,2015-05-01,3.6157997945247007
269,2015-06-01,cavite,5,15.0,24.688,2015-06-01,7.231599589049401
270,2015-07-01,cavite,6,66.0,22.59348484848485,2015-07-01,18.921779375858584
271,2015-08-01,cavite,7,69.0,21.49898550724638,2015-08-01,37.21827006544598
272,2015-09-01,cavite,8,76.0,25.570789473684226,2015-09-01,68.3195855912825
273,2015-10-01,cavite,9,47.0,22.281702127659575,2015-10-01,105.13005868742118
274,2015-11-01,cavite,10,42.0,16.93119047619048,2015-11-01,64.56785347365538
275,2015-12-01,cavite,11,29.0,17.21241379310345,2015-12-01,20.389848465364853
276,2015-01-01,cebu,0,21.0,28.396666666666665,2015-01-01,9.930145742158585
277,2015-02-01,cebu,1,40.0,32.05,2015-02-01,6.821578379395897
278,2015-03-01,cebu,2,19.0,26.842105263157894,2015-03-01,6.3466583656404865
279,2015-04-01,cebu,3,2.0,57.5,2015-04-01,3.1085673627626873
280,2015-05-01,cebu,4,3.0,60.66666666666666,2015-05-01,2.4609491621871276
281,2015-06-01,cebu,5,42.0,49.22642857142858,2015-06-01,3.648249196575654
282,2015-07-01,cebu,6,85.0,44.767294117647076,2015-07-01,6.5841183725181915
283,2015-08-01,cebu,7,61.0,45.599508196721324,2015-08-01,14.873631339885359
284,2015-09-01,cebu,8,64.0,40.66125,2015-09-01,27.43742443105122
285,2015-10-01,cebu,9,52.0,41.55826923076923,2015-10-01,47.966921389296466
286,2015-11-01,cebu,10,35.0,42.284857142857135,2015-11-01,42.54851577781428
287,2015-12-01,cebu,11,30.0,46.09166666666667,2015-12-01,24.32885706828853
288,2015-01-01,compostela valley,0,38.0,51.30684210526315,2015-01-01,5.026443166550515
289,2015-02-01,compostela valley,1,40.0,56.225,2015-02-01,8.150988918730565
290,2015-03-01,compostela valley,2,13.0,56.153846153846146,2015-03-01,2.988695936867874
291,2015-04-01,compostela valley,3,2.0,0.0,2015-04-01,2.988695936867874
292,2015-05-01,compostela valley,4,,28.363636363636363,2015-05-01,4.483043905301811
293,2015-06-01,compostela valley,5,21.0,43.84190476190477,2015-06-01,8.28683873404274
294,2015-07-01,compostela valley,6,64.0,67.65468750000001,2015-07-01,19.969922850889883
295,2015-08-01,compostela valley,7,55.0,63.41727272727273,2015-08-01,12.769882639344551
296,2015-09-01,compostela valley,8,60.0,59.81933333333333,2015-09-01,11.954783747471495
297,2015-10-01,compostela valley,9,43.0,54.9425581395349,2015-10-01,3.5320951981165782
298,2015-11-01,compostela valley,10,35.0,54.792,2015-11-01,8.694388179979269
299,2015-12-01,compostela valley,11,32.0,60.8096875,2015-12-01,15.894428391524603
300,2015-01-01,cotabato,0,7.0,25.487142857142853,2015-01-01,9.349540169320896
301,2015-02-01,cotabato,1,10.0,20.5,2015-02-01,13.553209392736495
302,2015-03-01,cotabato,2,1.0,50.0,2015-03-01,18.336695060761137
303,2015-04-01,cotabato,3,,25.2,2015-04-01,14.205502892921674
304,2015-05-01,cotabato,4,,28.363636363636363,2015-05-01,19.568805005555365
305,2015-06-01,cotabato,5,,50.1814814814815,2015-06-01,32.832106175987334
306,2015-07-01,cotabato,6,,56.343393665158366,2015-07-01,35.151371954423524
307,2015-08-01,cotabato,7,5.0,45.918,2015-08-01,23.844951284547093
308,2015-09-01,cotabato,8,14.0,35.909285714285716,2015-09-01,16.16238339347721
309,2015-10-01,cotabato,9,21.0,34.614285714285714,2015-10-01,22.033024895143818
310,2015-11-01,cotabato,10,19.0,32.153157894736836,2015-11-01,20.511006728045068
311,2015-12-01,cotabato,11,17.0,35.63941176470588,2015-12-01,26.164217062983283
312,2015-01-01,davao del norte,0,36.0,41.41138888888889,2015-01-01,2.7550052541885917
313,2015-02-01,davao del norte,1,32.0,54.625,2015-02-01,1.8694678510565443
314,2015-03-01,davao del norte,2,13.0,43.07692307692307,2015-03-01,1.5742887166791952
315,2015-04-01,davao del norte,3,4.0,10.1,2015-04-01,0.8855374031320473
316,2015-05-01,davao del norte,4,,28.363636363636363,2015-05-01,2.656612209396142
317,2015-06-01,davao del norte,5,6.0,70.43166666666666,2015-06-01,2.951791343773491
318,2015-07-01,davao del norte,6,43.0,53.67046511627907,2015-07-01,3.34536352294329
319,2015-08-01,davao del norte,7,68.0,51.92014705882351,2015-08-01,3.050184388565941
320,2015-09-01,davao del norte,8,61.0,60.15196721311474,2015-09-01,2.5582191646036923
321,2015-10-01,davao del norte,9,35.0,54.414285714285704,2015-10-01,3.935721791697988
322,2015-11-01,davao del norte,10,33.0,58.44696969696969,2015-11-01,4.624473105245136
323,2015-12-01,davao del norte,11,25.0,54.96639999999999,2015-12-01,8.166622717773325
324,2015-01-01,davao del sur,0,50.0,49.0762,2015-01-01,11.387817418858491
325,2015-02-01,davao del sur,1,51.0,52.392156862745104,2015-02-01,6.709101735141436
326,2015-03-01,davao del sur,2,21.0,43.714285714285715,2015-03-01,3.8842167940292525
327,2015-04-01,davao del sur,3,7.0,8.571428571428571,2015-04-01,3.9724944484390083
328,2015-05-01,davao del sur,4,2.0,0.0,2015-05-01,3.8400779668243747
329,2015-06-01,davao del sur,5,4.0,73.1625,2015-06-01,8.077405378492651
330,2015-07-01,davao del sur,6,54.0,51.9701851851852,2015-07-01,11.343678591653612
331,2015-08-01,davao del sur,7,73.0,52.15767123287671,2015-08-01,9.357431367434108
332,2015-09-01,davao del sur,8,69.0,53.59333333333335,2015-09-01,10.460902047556056
333,2015-10-01,davao del sur,9,38.0,55.67578947368422,2015-10-01,11.564372727678002
334,2015-11-01,davao del sur,10,39.0,56.506923076923094,2015-11-01,13.374064643077995
335,2015-12-01,davao del sur,11,24.0,53.41958333333333,2015-12-01,16.110671929780423
336,2015-01-01,davao oriental,0,23.0,43.38782608695652,2015-01-01,18.784953431205924
337,2015-02-01,davao oriental,1,19.0,58.295263157894745,2015-02-01,24.330987301371483
338,2015-03-01,davao oriental,2,12.0,48.41666666666666,2015-03-01,11.807685013900866
339,2015-04-01,davao oriental,3,3.0,100.0,2015-04-01,10.913163421938679
340,2015-05-01,davao oriental,4,1.0,100.0,2015-05-01,10.19754614836893
341,2015-06-01,davao oriental,5,22.0,47.81272727272728,2015-06-01,12.523302287470615
342,2015-07-01,davao oriental,6,51.0,51.99039215686275,2015-07-01,22.899752754231983
343,2015-08-01,davao oriental,7,54.0,49.57703703703702,2015-08-01,30.05592548992948
344,2015-09-01,davao oriental,8,53.0,59.36471698113208,2015-09-01,20.931805251915172
345,2015-10-01,davao oriental,9,37.0,52.5689189189189,2015-10-01,24.152082982979046
346,2015-11-01,davao oriental,10,36.0,56.2288888888889,2015-11-01,25.225508893333668
347,2015-12-01,davao oriental,11,24.0,45.75291666666666,2015-12-01,37.74881118080428
348,2015-01-01,dinagat islands,0,3.0,0.0,2015-01-01,9.437523593808985
349,2015-02-01,dinagat islands,1,5.0,15.2,2015-02-01,1.572920598968164
350,2015-03-01,dinagat islands,2,2.0,17.0,2015-03-01,0.786460299484082
351,2015-04-01,dinagat islands,3,,18.03636363636364,2015-04-01,6.291682395872656
352,2015-05-01,dinagat islands,4,,37.846153846153854,2015-05-01,4.718761796904492
353,2015-06-01,dinagat islands,5,,39.7743795620438,2015-06-01,1.572920598968164
354,2015-07-01,dinagat islands,6,,40.46657142857143,2015-07-01,6.291682395872656
355,2015-08-01,dinagat islands,7,15.0,28.83933333333333,2015-08-01,14.156285390713476
356,2015-09-01,dinagat islands,8,35.0,51.32599999999999,2015-09-01,7.864602994840821
357,2015-10-01,dinagat islands,9,33.0,56.27333333333333,2015-10-01,12.583364791745312
358,2015-11-01,dinagat islands,10,22.0,63.09318181818182,2015-11-01,7.864602994840821
359,2015-12-01,dinagat islands,11,22.0,62.87818181818182,2015-12-01,9.437523593808985
360,2015-01-01,eastern samar,0,4.0,26.625,2015-01-01,5.137426149499102
361,2015-02-01,eastern samar,1,3.0,63.33333333333334,2015-02-01,3.853069612124326
362,2015-03-01,eastern samar,2,3.0,50.0,2015-03-01,1.926534806062163
363,2015-04-01,eastern samar,3,,21.845,2015-04-01,1.0702971144789795
364,2015-05-01,eastern samar,4,,26.678461538461537,2015-05-01,2.140594228957959
365,2015-06-01,eastern samar,5,,33.76658333333333,2015-06-01,5.779604418186489
366,2015-07-01,eastern samar,6,,38.02179775280899,2015-07-01,8.34831749293604
367,2015-08-01,eastern samar,7,,42.79937500000001,2015-08-01,10.488911721893999
368,2015-09-01,eastern samar,8,,39.22801075268818,2015-09-01,5.779604418186489
369,2015-10-01,eastern samar,9,,39.04092857142857,2015-10-01,8.776436338727631
370,2015-11-01,eastern samar,10,,39.79014925373134,2015-11-01,16.910694408767874
371,2015-12-01,eastern samar,11,1.0,18.52,2015-12-01,5.779604418186489
372,2015-01-01,guimaras,0,,35.849642857142854,2015-01-01,4.008865319306123
373,2015-02-01,guimaras,1,,30.92857142857143,2015-02-01,0.5726950456151604
374,2015-03-01,guimaras,2,,34.17948717948718,2015-03-01,2.863475228075802
375,2015-04-01,guimaras,3,,18.73583333333333,2015-04-01,0.5726950456151604
376,2015-05-01,guimaras,4,,29.16666666666667,2015-05-01,4.581560364921283
377,2015-06-01,guimaras,5,,51.56169230769231,2015-06-01,8.590425684227405
378,2015-07-01,guimaras,6,,53.531648936170214,2015-07-01,18.89893650530029
379,2015-08-01,guimaras,7,,43.61898550724639,2015-08-01,26.343972098297378
380,2015-09-01,guimaras,8,,35.452177419354854,2015-09-01,15.462766231609331
381,2015-10-01,guimaras,9,30.0,30.746333333333343,2015-10-01,14.89007118599417
382,2015-11-01,guimaras,10,40.0,23.729499999999994,2015-11-01,12.599291003533528
383,2015-12-01,guimaras,11,18.0,15.323888888888884,2015-12-01,9.735815775457727
384,2015-01-01,ifugao,0,44.0,19.32386363636364,2015-01-01,4.437826056942239
385,2015-02-01,ifugao,1,43.0,16.767441860465116,2015-02-01,2.958550704628159
386,2015-03-01,ifugao,2,34.0,11.882352941176471,2015-03-01,2.4654589205234663
387,2015-04-01,ifugao,3,4.0,12.0,2015-04-01,3.4516424887328525
388,2015-05-01,ifugao,4,4.0,17.0,2015-05-01,4.437826056942239
389,2015-06-01,ifugao,5,,19.350909090909084,2015-06-01,6.903284977465705
390,2015-07-01,ifugao,6,24.0,23.044583333333332,2015-07-01,71.49830869518051
391,2015-08-01,ifugao,7,30.0,36.05733333333333,2015-08-01,91.71507184347294
392,2015-09-01,ifugao,8,32.0,37.8409375,2015-09-01,107.49400893482311
393,2015-10-01,ifugao,9,26.0,37.27692307692307,2015-10-01,71.49830869518051
394,2015-11-01,ifugao,10,24.0,31.799166666666665,2015-11-01,42.40589343300362
395,2015-12-01,ifugao,11,20.0,32.753,2015-12-01,16.272028875454875
396,2015-01-01,ilocos norte,0,4.0,35.41750000000001,2015-01-01,12.477216434180153
397,2015-02-01,ilocos norte,1,5.0,9.6,2015-02-01,4.721108921041139
398,2015-03-01,ilocos norte,2,3.0,6.333333333333332,2015-03-01,4.889719953935466
399,2015-04-01,ilocos norte,3,1.0,20.83,2015-04-01,5.395553052618445
400,2015-05-01,ilocos norte,4,,35.0,2015-05-01,8.093329578927667
401,2015-06-01,ilocos norte,5,2.0,98.21,2015-06-01,20.233323947319168
402,2015-07-01,ilocos norte,6,68.0,36.180147058823536,2015-07-01,47.548311276200046
403,2015-08-01,ilocos norte,7,86.0,44.15686046511628,2015-08-01,129.32466222994836
404,2015-09-01,ilocos norte,8,97.0,43.217628865979385,2015-09-01,123.59188711154125
405,2015-10-01,ilocos norte,9,72.0,34.46069444444444,2015-10-01,111.28328171025542
406,2015-11-01,ilocos norte,10,74.0,35.88729729729729,2015-11-01,49.065810572248985
407,2015-12-01,ilocos norte,11,69.0,34.21942028985508,2015-12-01,16.86110328943264
408,2015-01-01,ilocos sur,0,3.0,28.236666666666665,2015-01-01,9.859816607411103
409,2015-02-01,ilocos sur,1,1.0,67.0,2015-02-01,6.5248786372573475
410,2015-03-01,ilocos sur,2,,31.37183333333333,2015-03-01,3.189940667103592
411,2015-04-01,ilocos sur,3,,22.06083333333333,2015-04-01,6.959870546407837
412,2015-05-01,ilocos sur,4,,27.0,2015-05-01,6.814873243357674
413,2015-06-01,ilocos sur,5,3.0,11.573333333333332,2015-06-01,27.11449567038053
414,2015-07-01,ilocos sur,6,24.0,25.065,2015-07-01,57.563929310914816
415,2015-08-01,ilocos sur,7,50.0,39.9762,2015-08-01,105.99302852966935
416,2015-09-01,ilocos sur,8,70.0,42.896714285714296,2015-09-01,131.22255926039776
417,2015-10-01,ilocos sur,9,41.0,39.55219512195123,2015-10-01,92.65327664905433
418,2015-11-01,ilocos sur,10,44.0,30.14227272727273,2015-11-01,55.823961674312855
419,2015-12-01,ilocos sur,11,34.0,28.92235294117648,2015-12-01,29.579449822233308
420,2015-01-01,iloilo,0,27.0,38.41666666666666,2015-01-01,4.235839818152461
421,2015-02-01,iloilo,1,25.0,28.6,2015-02-01,4.361656842454019
422,2015-03-01,iloilo,2,9.0,23.0,2015-03-01,3.522876680443631
423,2015-04-01,iloilo,3,,18.73583333333333,2015-04-01,2.809913542734801
424,2015-05-01,iloilo,4,,29.16666666666667,2015-05-01,3.355120648041553
425,2015-06-01,iloilo,5,1.0,95.83,2015-06-01,5.6617660935701215
426,2015-07-01,iloilo,6,7.0,78.00428571428571,2015-07-01,20.25654091255088
427,2015-08-01,iloilo,7,42.0,37.11595238095239,2015-08-01,18.914492653334257
428,2015-09-01,iloilo,8,58.0,33.43706896551725,2015-09-01,19.711333807244127
429,2015-10-01,iloilo,9,38.0,29.738947368421048,2015-10-01,16.649786215906207
430,2015-11-01,iloilo,10,41.0,28.412195121951214,2015-11-01,12.455885405854266
431,2015-12-01,iloilo,11,26.0,22.56307692307692,2015-12-01,7.465143441892456
432,2015-01-01,isabela,0,4.0,56.88500000000001,2015-01-01,11.483678743145875
433,2015-02-01,isabela,1,2.0,24.5,2015-02-01,6.902757714459269
434,2015-03-01,isabela,2,2.0,24.5,2015-03-01,6.902757714459269
435,2015-04-01,isabela,3,,20.85,2015-04-01,7.279271771611593
436,2015-05-01,isabela,4,,35.0,2015-05-01,15.87634274325632
437,2015-06-01,isabela,5,,42.290689655172415,2015-06-01,33.88626514370914
438,2015-07-01,isabela,6,9.0,21.052222222222227,2015-07-01,58.296926515751466
439,2015-08-01,isabela,7,19.0,16.05263157894737,2015-08-01,64.50940845876481
440,2015-09-01,isabela,8,17.0,16.92294117647059,2015-09-01,46.624990744029425
441,2015-10-01,isabela,9,49.0,40.53816326530613,2015-10-01,39.22021428670039
442,2015-11-01,isabela,10,67.0,40.63850746268656,2015-11-01,24.285156686324882
443,2015-12-01,isabela,11,36.0,39.02388888888889,2015-12-01,1.882570285761619
444,2015-01-01,kalinga,0,,32.965112781954886,2015-01-01,12.224938875305625
445,2015-02-01,kalinga,1,3.0,22.86,2015-02-01,12.224938875305625
446,2015-03-01,kalinga,2,2.0,44.645,2015-03-01,10.344179048335528
447,2015-04-01,kalinga,3,1.0,0.0,2015-04-01,11.284558961820576
448,2015-05-01,kalinga,4,2.0,26.0,2015-05-01,23.039307880383678
449,2015-06-01,kalinga,5,1.0,0.0,2015-06-01,149.99059620086516
450,2015-07-01,kalinga,6,15.0,58.724,2015-07-01,247.79010720331016
451,2015-08-01,kalinga,7,14.0,43.771428571428565,2015-08-01,325.84164002256915
452,2015-09-01,kalinga,8,14.0,74.32000000000002,2015-09-01,164.56648485988342
453,2015-10-01,kalinga,9,11.0,44.24,2015-10-01,147.63964641715253
454,2015-11-01,kalinga,10,10.0,20.169,2015-11-01,60.18431446304307
455,2015-12-01,kalinga,11,6.0,12.943333333333333,2015-12-01,68.64773368440851
456,2015-01-01,la union,0,,21.99383333333333,2015-01-01,20.339336403725657
457,2015-02-01,la union,1,2.0,72.0,2015-02-01,10.169668201862828
458,2015-03-01,la union,2,2.0,67.0,2015-03-01,5.720438363547841
459,2015-04-01,la union,3,2.0,0.0,2015-04-01,7.627251151397122
460,2015-05-01,la union,4,4.0,0.5,2015-05-01,16.77995253307367
461,2015-06-01,la union,5,1.0,0.0,2015-06-01,48.43304481137172
462,2015-07-01,la union,6,35.0,36.95371428571429,2015-07-01,115.17149238609653
463,2015-08-01,la union,7,46.0,39.47108695652174,2015-08-01,207.96971472809486
464,2015-09-01,la union,8,46.0,29.88347826086957,2015-09-01,117.2054260264691
465,2015-10-01,la union,9,43.0,31.00651162790697,2015-10-01,48.941528221464864
466,2015-11-01,la union,10,48.0,30.97333333333333,2015-11-01,34.95823444390347
467,2015-12-01,la union,11,39.0,18.509743589743593,2015-12-01,20.339336403725657
468,2015-01-01,laguna,0,37.0,21.031351351351358,2015-01-01,15.58442756552461
469,2015-02-01,laguna,1,44.0,18.295454545454547,2015-02-01,9.785570796957314
470,2015-03-01,laguna,2,13.0,6.0,2015-03-01,7.116778761423501
471,2015-04-01,laguna,3,,23.33333333333333,2015-04-01,5.10694772231779
472,2015-05-01,laguna,4,,32.69230769230769,2015-05-01,3.393649131604725
473,2015-06-01,laguna,5,66.0,27.10833333333333,2015-06-01,1.6144544412488497
474,2015-07-01,laguna,6,117.0,23.167179487179485,2015-07-01,13.83818092499014
475,2015-08-01,laguna,7,121.0,23.985454545454555,2015-08-01,25.238206163196303
476,2015-09-01,laguna,8,153.0,19.56973856209149,2015-09-01,40.39430908104265
477,2015-10-01,laguna,9,105.0,24.332380952380962,2015-10-01,62.89782710906233
478,2015-11-01,laguna,10,86.0,24.627209302325586,2015-11-01,46.127269749967134
479,2015-12-01,laguna,11,76.0,21.44434210526316,2015-12-01,20.065362341235705
480,2015-01-01,lanao del norte,0,3.0,25.20333333333333,2015-01-01,8.145136519357457
481,2015-02-01,lanao del norte,1,,46.39101265822785,2015-02-01,8.43953904415351
482,2015-03-01,lanao del norte,2,1.0,58.0,2015-03-01,5.593647971125001
483,2015-04-01,lanao del norte,3,,8.9625,2015-04-01,2.845891073028509
484,2015-05-01,lanao del norte,4,3.0,23.33333333333333,2015-05-01,4.023501172212719
485,2015-06-01,lanao del norte,5,4.0,43.72,2015-06-01,7.2619289449692985
486,2015-07-01,lanao del norte,6,8.0,66.0025,2015-07-01,9.715283318269737
487,2015-08-01,lanao del norte,7,26.0,62.10461538461539,2015-08-01,10.991027592385965
488,2015-09-01,lanao del norte,8,35.0,55.432571428571435,2015-09-01,12.659308566230264
489,2015-10-01,lanao del norte,9,27.0,40.072222222222216,2015-10-01,13.051845265958335
490,2015-11-01,lanao del norte,10,26.0,40.866923076923094,2015-11-01,19.823103336267547
491,2015-12-01,lanao del norte,11,17.0,55.57117647058825,2015-12-01,18.35109071228728
492,2015-01-01,lanao del sur,0,,47.161952662721895,2015-01-01,0.09565451121023044
493,2015-02-01,lanao del sur,1,,45.26228426395939,2015-02-01,0.0
494,2015-03-01,lanao del sur,2,,42.27612499999999,2015-03-01,0.0
495,2015-04-01,lanao del sur,3,,8.9625,2015-04-01,0.0
496,2015-05-01,lanao del sur,4,,27.91666666666667,2015-05-01,0.0
497,2015-06-01,lanao del sur,5,,44.66625,2015-06-01,0.0
498,2015-07-01,lanao del sur,6,7.0,29.322857142857146,2015-07-01,0.0
499,2015-08-01,lanao del sur,7,5.0,29.148000000000003,2015-08-01,0.0
500,2015-09-01,lanao del sur,8,13.0,24.215384615384608,2015-09-01,0.0
501,2015-10-01,lanao del sur,9,3.0,0.0,2015-10-01,0.0
502,2015-11-01,lanao del sur,10,,44.70533333333334,2015-11-01,0.09565451121023044
503,2015-12-01,lanao del sur,11,,50.16209090909091,2015-12-01,0.0
504,2015-01-01,leyte,0,16.0,44.940625,2015-01-01,4.118431863849727
505,2015-02-01,leyte,1,14.0,29.10571428571429,2015-02-01,2.9490005938677055
506,2015-03-01,leyte,2,8.0,30.5,2015-03-01,2.593086729090569
507,2015-04-01,leyte,3,,21.59588235294117,2015-04-01,1.525345134759158
508,2015-05-01,leyte,4,,26.678461538461537,2015-05-01,0.8135174052048844
509,2015-06-01,leyte,5,50.0,35.1846,2015-06-01,0.6101380539036633
510,2015-07-01,leyte,6,88.0,37.54659090909092,2015-07-01,4.067587026024421
511,2015-08-01,leyte,7,69.0,45.278840579710156,2015-08-01,3.4574489721207584
512,2015-09-01,leyte,8,99.0,37.471515151515156,2015-09-01,3.7116731612472846
513,2015-10-01,leyte,9,73.0,37.13849315068493,2015-10-01,8.745312105952507
514,2015-11-01,leyte,10,56.0,37.336964285714295,2015-11-01,10.880795294615329
515,2015-12-01,leyte,11,49.0,38.29714285714286,2015-12-01,4.677725079928085
516,2015-01-01,maguindanao,0,,45.91305194805194,2015-01-01,3.595821519702727
517,2015-02-01,maguindanao,1,,52.51059210526318,2015-02-01,3.188747385396758
518,2015-03-01,maguindanao,2,,47.31666666666667,2015-03-01,3.188747385396758
519,2015-04-01,maguindanao,3,,25.2,2015-04-01,3.4601301416007373
520,2015-05-01,maguindanao,4,,28.363636363636363,2015-05-01,2.9852103182437735
521,2015-06-01,maguindanao,5,,50.22245614035089,2015-06-01,4.138587032110686
522,2015-07-01,maguindanao,6,9.0,39.584444444444436,2015-07-01,5.359809435028593
523,2015-08-01,maguindanao,7,4.0,22.72,2015-08-01,3.3922844525497426
524,2015-09-01,maguindanao,8,2.0,33.76,2015-09-01,3.256593074447753
525,2015-10-01,maguindanao,9,,50.465983606557366,2015-10-01,4.817043922620634
526,2015-11-01,maguindanao,10,,51.93032258064518,2015-11-01,4.138587032110686
527,2015-12-01,maguindanao,11,,51.13421875,2015-12-01,5.359809435028593
528,2015-01-01,marinduque,0,19.0,33.0,2015-01-01,2.9848073306868046
529,2015-02-01,marinduque,1,31.0,30.993225806451612,2015-02-01,0.8528020944819441
530,2015-03-01,marinduque,2,18.0,36.0,2015-03-01,1.7056041889638882
531,2015-04-01,marinduque,3,3.0,21.0,2015-04-01,0.8528020944819441
532,2015-05-01,marinduque,4,4.0,33.75,2015-05-01,0.0
533,2015-06-01,marinduque,5,26.0,33.34423076923076,2015-06-01,2.1320052362048605
534,2015-07-01,marinduque,6,53.0,53.45132075471697,2015-07-01,7.248817803096525
535,2015-08-01,marinduque,7,43.0,51.994883720930225,2015-08-01,14.924036653434023
536,2015-09-01,marinduque,8,56.0,39.84428571428572,2015-09-01,45.19851100754304
537,2015-10-01,marinduque,9,48.0,35.99249999999999,2015-10-01,13.218432464470133
538,2015-11-01,marinduque,10,55.0,37.246,2015-11-01,5.969614661373609
539,2015-12-01,marinduque,11,39.0,26.257948717948718,2015-12-01,4.264010472409721
540,2015-01-01,masbate,0,42.0,55.265952380952385,2015-01-01,1.0085242712571703
541,2015-02-01,masbate,1,45.0,49.88888888888889,2015-02-01,1.0085242712571703
542,2015-03-01,masbate,2,16.0,48.5625,2015-03-01,0.560291261809539
543,2015-04-01,masbate,3,4.0,16.7075,2015-04-01,0.3361747570857234
544,2015-05-01,masbate,4,,13.126153846153846,2015-05-01,0.6723495141714468
545,2015-06-01,masbate,5,,34.43052631578947,2015-06-01,0.6723495141714468
546,2015-07-01,masbate,6,4.0,52.94,2015-07-01,1.3446990283428937
547,2015-08-01,masbate,7,13.0,49.709230769230786,2015-08-01,3.025572813771511
548,2015-09-01,masbate,8,26.0,58.89115384615384,2015-09-01,4.034097085028681
549,2015-10-01,masbate,9,26.0,54.28038461538462,2015-10-01,5.266737861009667
550,2015-11-01,masbate,10,26.0,38.492692307692316,2015-11-01,3.9220388326667734
551,2015-12-01,masbate,11,29.0,35.118620689655174,2015-12-01,4.146155337390589
552,2015-01-01,misamis occidental,0,,47.20176136363636,2015-01-01,14.780959466955421
553,2015-02-01,misamis occidental,1,,44.90882075471698,2015-02-01,9.632535382959713
554,2015-03-01,misamis occidental,2,,43.189294117647066,2015-03-01,9.964691775475565
555,2015-04-01,misamis occidental,3,,16.15,2015-04-01,7.473518831606674
556,2015-05-01,misamis occidental,4,1.0,0.0,2015-05-01,7.1413624390908215
557,2015-06-01,misamis occidental,5,4.0,0.0,2015-06-01,7.473518831606674
558,2015-07-01,misamis occidental,6,24.0,39.2425,2015-07-01,11.625473738054826
559,2015-08-01,misamis occidental,7,36.0,37.78972222222222,2015-08-01,14.614881270697495
560,2015-09-01,misamis occidental,8,38.0,49.96815789473686,2015-09-01,17.106054214566388
561,2015-10-01,misamis occidental,9,25.0,41.6536,2015-10-01,17.770366999598092
562,2015-11-01,misamis occidental,10,17.0,46.78705882352941,2015-11-01,12.788021111860308
563,2015-12-01,misamis occidental,11,11.0,48.99454545454545,2015-12-01,18.26860158837187
564,2015-01-01,misamis oriental,0,12.0,67.7675,2015-01-01,29.850574543660137
565,2015-02-01,misamis oriental,1,12.0,78.75,2015-02-01,26.271062392814382
566,2015-03-01,misamis oriental,2,3.0,68.0,2015-03-01,17.1305224361904
567,2015-04-01,misamis oriental,3,,8.9625,2015-04-01,11.505574770575642
568,2015-05-01,misamis oriental,4,4.0,35.5,2015-05-01,9.01270023695092
569,2015-06-01,misamis oriental,5,1.0,22.0,2015-06-01,10.355017293518078
570,2015-07-01,misamis oriental,6,34.0,56.669411764705885,2015-07-01,16.043884818969367
571,2015-08-01,misamis oriental,7,38.0,54.784210526315796,2015-08-01,17.833640894392246
572,2015-09-01,misamis oriental,8,44.0,53.8784090909091,2015-09-01,24.6730658969011
573,2015-10-01,misamis oriental,9,31.0,52.23064516129031,2015-10-01,28.252578047746855
574,2015-11-01,misamis oriental,10,31.0,48.59193548387098,2015-11-01,35.34768248960184
575,2015-12-01,misamis oriental,11,18.0,50.165555555555535,2015-12-01,30.489773142025452
576,2015-01-01,mountain province,0,18.0,26.861666666666665,2015-01-01,3.234361860404942
577,2015-02-01,mountain province,1,21.0,13.428571428571427,2015-02-01,0.6468723720809884
578,2015-03-01,mountain province,2,15.0,19.706666666666667,2015-03-01,2.5874894883239534
579,2015-04-01,mountain province,3,3.0,20.33333333333333,2015-04-01,0.0
580,2015-05-01,mountain province,4,3.0,52.0,2015-05-01,3.8812342324859306
581,2015-06-01,mountain province,5,6.0,28.90333333333333,2015-06-01,71.15596092890873
582,2015-07-01,mountain province,6,37.0,26.922432432432434,2015-07-01,155.2493692994372
583,2015-08-01,mountain province,7,27.0,28.6837037037037,2015-08-01,68.56847144058477
584,2015-09-01,mountain province,8,26.0,31.319615384615393,2015-09-01,70.50908855682773
585,2015-10-01,mountain province,9,20.0,29.11000000000001,2015-10-01,81.50591888220454
586,2015-11-01,mountain province,10,22.0,35.87727272727272,2015-11-01,30.403001487806456
587,2015-12-01,mountain province,11,22.0,30.315454545454553,2015-12-01,8.409340837052849
588,2015-01-01,negros occidental,0,1.0,100.0,2015-01-01,3.301585807234461
589,2015-02-01,negros occidental,1,,35.346153846153854,2015-02-01,2.6478064394652607
590,2015-03-01,negros occidental,2,,34.17948717948718,2015-03-01,2.3209167555806607
591,2015-04-01,negros occidental,3,,18.73583333333333,2015-04-01,2.0920939768614404
592,2015-05-01,negros occidental,4,,29.16666666666667,2015-05-01,2.3209167555806607
593,2015-06-01,negros occidental,5,,51.56169230769231,2015-06-01,3.988054143392121
594,2015-07-01,negros occidental,6,,53.531648936170214,2015-07-01,11.833406556622522
595,2015-08-01,negros occidental,7,,44.987133757961786,2015-08-01,19.940270716960605
596,2015-09-01,negros occidental,8,21.0,38.378571428571426,2015-09-01,19.515314127910624
597,2015-10-01,negros occidental,9,19.0,34.50263157894737,2015-10-01,19.123046507249104
598,2015-11-01,negros occidental,10,21.0,34.49904761904762,2015-11-01,15.429193079353123
599,2015-12-01,negros occidental,11,13.0,26.89615384615385,2015-12-01,10.983493378522562
600,2015-01-01,negros oriental,0,25.0,34.44,2015-01-01,9.520330333322262
601,2015-02-01,negros oriental,1,25.0,32.36,2015-02-01,7.232499012911486
602,2015-03-01,negros oriental,2,15.0,21.93333333333333,2015-03-01,3.2472444547765855
603,2015-04-01,negros oriental,3,1.0,28.0,2015-04-01,3.985254558134901
604,2015-05-01,negros oriental,4,2.0,61.5,2015-05-01,3.3948464754482486
605,2015-06-01,negros oriental,5,3.0,58.84,2015-06-01,5.682677795859025
606,2015-07-01,negros oriental,6,23.0,59.01999999999998,2015-07-01,9.298927302314768
607,2015-08-01,negros oriental,7,21.0,64.73619047619049,2015-08-01,20.590481883696988
608,2015-09-01,negros oriental,8,29.0,65.13241379310344,2015-09-01,27.084970793250157
609,2015-10-01,negros oriental,9,14.0,60.941428571428574,2015-10-01,26.273159679556013
610,2015-11-01,negros oriental,10,15.0,49.60866666666667,2015-11-01,25.977955638212684
611,2015-12-01,negros oriental,11,12.0,65.67166666666667,2015-12-01,22.21410411108528
612,2015-01-01,northern samar,0,,41.124770642201845,2015-01-01,0.7902901787478327
613,2015-02-01,northern samar,1,,40.41223880597015,2015-02-01,4.741741072486996
614,2015-03-01,northern samar,2,,39.5827397260274,2015-03-01,2.686986607742631
615,2015-04-01,northern samar,3,,17.361739130434785,2015-04-01,1.4225223217460987
616,2015-05-01,northern samar,4,,27.126153846153844,2015-05-01,0.31611607149913307
617,2015-06-01,northern samar,5,10.0,20.972,2015-06-01,0.0
618,2015-07-01,northern samar,6,12.0,28.16083333333333,2015-07-01,1.5805803574956654
619,2015-08-01,northern samar,7,10.0,41.908,2015-08-01,1.7386383932452318
620,2015-09-01,northern samar,8,8.0,36.25,2015-09-01,1.8966964289947983
621,2015-10-01,northern samar,9,11.0,52.45727272727272,2015-10-01,3.1611607149913308
622,2015-11-01,northern samar,10,7.0,58.17571428571429,2015-11-01,9.95765625222269
623,2015-12-01,northern samar,11,2.0,60.0,2015-12-01,1.4225223217460987
624,2015-01-01,nueva ecija,0,9.0,28.551111111111112,2015-01-01,5.624085214651811
625,2015-02-01,nueva ecija,1,10.0,11.2,2015-02-01,3.950803663185156
626,2015-03-01,nueva ecija,2,5.0,14.8,2015-03-01,3.3465631029333087
627,2015-04-01,nueva ecija,3,,32.111111111111114,2015-04-01,2.8817626719703493
628,2015-05-01,nueva ecija,4,,34.416666666666664,2015-05-01,2.324002154814798
629,2015-06-01,nueva ecija,5,42.0,11.343571428571426,2015-06-01,3.067682844355533
630,2015-07-01,nueva ecija,6,80.0,35.922625,2015-07-01,14.12993310127397
631,2015-08-01,nueva ecija,7,70.0,37.62571428571428,2015-08-01,44.62084137244412
632,2015-09-01,nueva ecija,8,71.0,33.887605633802806,2015-09-01,41.59963857118488
633,2015-10-01,nueva ecija,9,61.0,30.79934426229508,2015-10-01,54.10277016408849
634,2015-11-01,nueva ecija,10,54.0,29.586666666666666,2015-11-01,43.59828042432561
635,2015-12-01,nueva ecija,11,25.0,30.6924,2015-12-01,25.88938400463685
636,2015-01-01,nueva vizcaya,0,,25.268720930232558,2015-01-01,16.36129271900364
637,2015-02-01,nueva vizcaya,1,,20.341176470588234,2015-02-01,9.28613911078585
638,2015-03-01,nueva vizcaya,2,,18.880645161290325,2015-03-01,10.39163186206988
639,2015-04-01,nueva vizcaya,3,,27.444444444444446,2015-04-01,4.421971005136119
640,2015-05-01,nueva vizcaya,4,,27.466666666666665,2015-05-01,6.632956507704178
641,2015-06-01,nueva vizcaya,5,,37.20857142857143,2015-06-01,14.813602867205999
642,2015-07-01,nueva vizcaya,6,,28.96968253968254,2015-07-01,47.09399120469967
643,2015-08-01,nueva vizcaya,7,11.0,51.18636363636365,2015-08-01,111.87586642994381
644,2015-09-01,nueva vizcaya,8,17.0,57.88117647058823,2015-09-01,129.3426519002315
645,2015-10-01,nueva vizcaya,9,10.0,64.36800000000001,2015-10-01,99.27324906530588
646,2015-11-01,nueva vizcaya,10,12.0,63.01333333333333,2015-11-01,65.00297377550095
647,2015-12-01,nueva vizcaya,11,4.0,82.30250000000002,2015-12-01,6.1907594071905665
648,2015-01-01,occidental mindoro,0,2.0,0.0,2015-01-01,5.129109955807589
649,2015-02-01,occidental mindoro,1,11.0,44.81818181818182,2015-02-01,4.923945557575285
650,2015-03-01,occidental mindoro,2,5.0,37.2,2015-03-01,4.103287964646071
651,2015-04-01,occidental mindoro,3,2.0,45.5,2015-04-01,1.0258219911615178
652,2015-05-01,occidental mindoro,4,,27.53333333333333,2015-05-01,4.308452362878374
653,2015-06-01,occidental mindoro,5,14.0,30.06142857142857,2015-06-01,17.644138247978105
654,2015-07-01,occidental mindoro,6,34.0,41.650588235294116,2015-07-01,17.438973849745803
655,2015-08-01,occidental mindoro,7,38.0,46.040789473684214,2015-08-01,22.157755009088785
656,2015-09-01,occidental mindoro,8,33.0,51.60878787878787,2015-09-01,16.20798746035198
657,2015-10-01,occidental mindoro,9,31.0,41.6858064516129,2015-10-01,12.309863893938214
658,2015-11-01,occidental mindoro,10,21.0,27.939999999999994,2015-11-01,9.027233522221357
659,2015-12-01,occidental mindoro,11,13.0,19.37538461538461,2015-12-01,7.796247132827535
660,2015-01-01,oriental mindoro,0,,27.37073333333333,2015-01-01,2.369502605860491
661,2015-02-01,oriental mindoro,1,12.0,18.08333333333333,2015-02-01,6.042231644944251
662,2015-03-01,oriental mindoro,2,8.0,16.0,2015-03-01,4.3835798208419074
663,2015-04-01,oriental mindoro,3,,21.6875,2015-04-01,2.1325523452744415
664,2015-05-01,oriental mindoro,4,,27.53333333333333,2015-05-01,1.6586518241023436
665,2015-06-01,oriental mindoro,5,26.0,21.516153846153845,2015-06-01,1.8956020846883925
666,2015-07-01,oriental mindoro,6,41.0,40.31463414634147,2015-07-01,4.502054951134933
667,2015-08-01,oriental mindoro,7,32.0,37.751875,2015-08-01,10.42581146578616
668,2015-09-01,oriental mindoro,8,47.0,37.270425531914896,2015-09-01,12.439888680767575
669,2015-10-01,oriental mindoro,9,35.0,30.971142857142844,2015-10-01,7.58240833875357
670,2015-11-01,oriental mindoro,10,33.0,32.876060606060605,2015-11-01,5.9237565146512265
671,2015-12-01,oriental mindoro,11,19.0,36.04684210526316,2015-12-01,6.1607067752372755
672,2015-01-01,palawan,0,15.0,34.034666666666666,2015-01-01,4.526586908205344
673,2015-02-01,palawan,1,23.0,41.130434782608695,2015-02-01,4.07392821738481
674,2015-03-01,palawan,2,14.0,49.14285714285714,2015-03-01,4.979245599025878
675,2015-04-01,palawan,3,7.0,61.85714285714285,2015-04-01,3.892864741056596
676,2015-05-01,palawan,4,2.0,62.5,2015-05-01,6.156158195159268
677,2015-06-01,palawan,5,25.0,46.20120000000001,2015-06-01,12.402848128482644
678,2015-07-01,palawan,6,33.0,42.19424242424242,2015-07-01,33.67780659704776
679,2015-08-01,palawan,7,25.0,37.64880000000001,2015-08-01,41.10140912650453
680,2015-09-01,palawan,8,40.0,53.18375000000001,2015-09-01,31.867171833765624
681,2015-10-01,palawan,9,48.0,53.266875,2015-10-01,19.011665014462444
682,2015-11-01,palawan,10,50.0,40.4776,2015-11-01,8.509983387426047
683,2015-12-01,palawan,11,47.0,42.720638297872355,2015-12-01,2.1727617159385653
684,2015-01-01,pampanga,0,18.0,11.468888888888893,2015-01-01,15.633717330128933
685,2015-02-01,pampanga,1,16.0,15.6875,2015-02-01,12.874826036576769
686,2015-03-01,pampanga,2,12.0,8.333333333333334,2015-03-01,8.42994561918717
687,2015-04-01,pampanga,3,5.0,14.6,2015-04-01,4.981331502246964
688,2015-05-01,pampanga,4,1.0,12.0,2015-05-01,2.9887989013481784
689,2015-06-01,pampanga,5,25.0,15.417599999999998,2015-06-01,4.138336940328247
690,2015-07-01,pampanga,6,63.0,17.975873015873017,2015-07-01,11.34210865127001
691,2015-08-01,pampanga,7,47.0,24.92212765957448,2015-08-01,30.539393902237155
692,2015-09-01,pampanga,8,44.0,21.469545454545454,2015-09-01,69.20218994660013
693,2015-10-01,pampanga,9,25.0,11.7452,2015-10-01,90.92845888332343
694,2015-11-01,pampanga,10,20.0,10.086,2015-11-01,86.25367085813781
695,2015-12-01,pampanga,11,13.0,10.56076923076923,2015-12-01,41.46000527254781
696,2015-01-01,pangasinan,0,47.0,19.378510638297872,2015-01-01,6.730417360282962
697,2015-02-01,pangasinan,1,47.0,14.178297872340426,2015-02-01,3.5512252403503064
698,2015-03-01,pangasinan,2,16.0,12.8125,2015-03-01,2.840980192280245
699,2015-04-01,pangasinan,3,1.0,0.0,2015-04-01,2.3336623008016297
700,2015-05-01,pangasinan,4,4.0,30.0,2015-05-01,3.585046433115547
701,2015-06-01,pangasinan,5,21.0,35.505714285714284,2015-06-01,9.875788287450376
702,2015-07-01,pangasinan,6,90.0,39.02966666666667,2015-07-01,18.36490767152587
703,2015-08-01,pangasinan,7,160.0,38.8376875,2015-08-01,37.71062993324373
704,2015-09-01,pangasinan,8,176.0,37.12727272727275,2015-09-01,33.99029872906722
705,2015-10-01,pangasinan,9,141.0,33.409929078014194,2015-10-01,26.78638467007088
706,2015-11-01,pangasinan,10,135.0,30.332000000000008,2015-11-01,26.41435154965323
707,2015-12-01,pangasinan,11,94.0,26.807765957446808,2015-12-01,17.587020237925326
708,2015-01-01,quezon,0,44.0,32.25000000000001,2015-01-01,9.13874403508524
709,2015-02-01,quezon,1,35.0,34.274,2015-02-01,4.757799729606233
710,2015-03-01,quezon,2,6.0,48.5,2015-03-01,4.56937201754262
711,2015-04-01,quezon,3,,24.36555555555556,2015-04-01,2.9206295369860045
712,2015-05-01,quezon,4,,33.28066666666667,2015-05-01,4.051195809367684
713,2015-06-01,quezon,5,51.0,23.963137254901962,2015-06-01,4.56937201754262
714,2015-07-01,quezon,6,181.0,38.01701657458563,2015-07-01,10.599058803578242
715,2015-08-01,quezon,7,144.0,40.76986111111113,2015-08-01,10.080882595403306
716,2015-09-01,quezon,8,156.0,38.889102564102544,2015-09-01,12.907298276357503
717,2015-10-01,quezon,9,110.0,39.41045454545454,2015-10-01,20.30308597485432
718,2015-11-01,quezon,10,103.0,38.43718446601942,2015-11-01,21.29233146318829
719,2015-12-01,quezon,11,92.0,32.794456521739136,2015-12-01,12.813084420325696
720,2015-01-01,quirino,0,,26.46530864197531,2015-01-01,29.631040631564467
721,2015-02-01,quirino,1,,18.323421052631574,2015-02-01,18.519400394727793
722,2015-03-01,quirino,2,,18.86254237288136,2015-03-01,11.640765962400327
723,2015-04-01,quirino,3,,29.058823529411764,2015-04-01,7.936885883454768
724,2015-05-01,quirino,4,,35.53846153846154,2015-05-01,19.577651845855094
725,2015-06-01,quirino,5,1.0,20.0,2015-06-01,44.4465609473467
726,2015-07-01,quirino,6,7.0,44.80285714285714,2015-07-01,34.922297887200976
727,2015-08-01,quirino,7,5.0,17.695999999999994,2015-08-01,88.8931218946934
728,2015-09-01,quirino,8,5.0,9.696000000000002,2015-09-01,182.54837531945967
729,2015-10-01,quirino,9,4.0,24.890000000000004,2015-10-01,237.04832505251574
730,2015-11-01,quirino,10,15.0,41.822,2015-11-01,37.038800789455586
731,2015-12-01,quirino,11,10.0,48.162,2015-12-01,14.815520315782233
732,2015-01-01,rizal,0,24.0,29.98375,2015-01-01,14.978016640160432
733,2015-02-01,rizal,1,30.0,16.041999999999998,2015-02-01,12.516351868282213
734,2015-03-01,rizal,2,11.0,18.90909090909091,2015-03-01,5.755441579320906
735,2015-04-01,rizal,3,,32.05,2015-04-01,5.027343548201997
736,2015-05-01,rizal,4,,40.27272727272727,2015-05-01,4.9580008785716245
737,2015-06-01,rizal,5,3.0,35.22666666666667,2015-06-01,10.921470466783648
738,2015-07-01,rizal,6,79.0,23.392405063291143,2015-07-01,27.771739186964133
739,2015-08-01,rizal,7,81.0,26.058641975308642,2015-08-01,44.34463722862313
740,2015-09-01,rizal,8,88.0,23.39204545454546,2015-09-01,48.297169397554356
741,2015-10-01,rizal,9,71.0,20.08943661971832,2015-10-01,33.839222779621714
742,2015-11-01,rizal,10,58.0,21.553448275862063,2015-11-01,19.034562813537214
743,2015-12-01,rizal,11,47.0,14.909999999999995,2015-12-01,9.499945739361015
744,2015-01-01,romblon,0,15.0,31.228666666666665,2015-01-01,1.3662088728435247
745,2015-02-01,romblon,1,12.0,37.833333333333336,2015-02-01,1.3662088728435247
746,2015-03-01,romblon,2,8.0,21.625,2015-03-01,0.0
747,2015-04-01,romblon,3,3.0,0.0,2015-04-01,0.0
748,2015-05-01,romblon,4,3.0,0.0,2015-05-01,2.7324177456870493
749,2015-06-01,romblon,5,7.0,27.91857142857143,2015-06-01,6.8310443642176235
750,2015-07-01,romblon,6,28.0,35.40142857142857,2015-07-01,31.081251857190185
751,2015-08-01,romblon,7,20.0,47.239,2015-08-01,17.07761091054406
752,2015-09-01,romblon,8,20.0,43.4645,2015-09-01,28.007281893292255
753,2015-10-01,romblon,9,18.0,27.484444444444442,2015-10-01,15.369849819489653
754,2015-11-01,romblon,10,17.0,40.60117647058824,2015-11-01,8.197253237061148
755,2015-12-01,romblon,11,13.0,29.28692307692307,2015-12-01,2.049313309265287
756,2015-01-01,samar,0,4.0,6.75,2015-01-01,3.2031529274895867
757,2015-02-01,samar,1,1.0,20.0,2015-02-01,2.0500178735933354
758,2015-03-01,samar,2,,37.15209302325581,2015-03-01,4.100035747186671
759,2015-04-01,samar,3,,21.845,2015-04-01,1.5375134051950017
760,2015-05-01,samar,4,,26.678461538461534,2015-05-01,0.7687567025975008
761,2015-06-01,samar,5,21.0,30.380952380952376,2015-06-01,0.8968828196970843
762,2015-07-01,samar,6,27.0,34.84185185185185,2015-07-01,3.33127904458917
763,2015-08-01,samar,7,18.0,39.04,2015-08-01,2.9469006932904196
764,2015-09-01,samar,8,24.0,38.45541666666667,2015-09-01,2.0500178735933354
765,2015-10-01,samar,9,21.0,29.563809523809518,2015-10-01,6.150053620780007
766,2015-11-01,samar,10,18.0,18.99111111111111,2015-11-01,6.27817973787959
767,2015-12-01,samar,11,12.0,40.49,2015-12-01,1.0250089367966677
768,2015-01-01,sarangani,0,,45.91305194805194,2015-01-01,11.942799502444599
769,2015-02-01,sarangani,1,,52.51059210526318,2015-02-01,16.352448549501066
770,2015-03-01,sarangani,2,,47.31666666666667,2015-03-01,11.759064125483913
771,2015-04-01,sarangani,3,,25.2,2015-04-01,16.352448549501066
772,2015-05-01,sarangani,4,,28.363636363636363,2015-05-01,12.310270256365971
773,2015-06-01,sarangani,5,,50.22245614035089,2015-06-01,15.066300910776263
774,2015-07-01,sarangani,6,,56.343393665158366,2015-07-01,27.744041921063605
775,2015-08-01,sarangani,7,,50.665245098039215,2015-08-01,33.99104473772694
776,2015-09-01,sarangani,8,2.0,44.645,2015-09-01,23.150657497046453
777,2015-10-01,sarangani,9,29.0,55.25655172413793,2015-10-01,14.515094779894206
778,2015-11-01,sarangani,10,14.0,62.039285714285725,2015-11-01,16.71991930342244
779,2015-12-01,sarangani,11,12.0,70.60666666666667,2015-12-01,13.596417895090774
780,2015-01-01,siquijor,0,8.0,47.5,2015-01-01,4.1673612268711455
781,2015-02-01,siquijor,1,15.0,53.53333333333333,2015-02-01,6.251041840306717
782,2015-03-01,siquijor,2,6.0,55.83333333333334,2015-03-01,7.292882147024504
783,2015-04-01,siquijor,3,,18.03636363636364,2015-04-01,1.0418403067177864
784,2015-05-01,siquijor,4,,35.0,2015-05-01,4.1673612268711455
785,2015-06-01,siquijor,5,11.0,64.83818181818182,2015-06-01,4.1673612268711455
786,2015-07-01,siquijor,6,33.0,66.21848484848483,2015-07-01,14.585764294049008
787,2015-08-01,siquijor,7,30.0,74.47633333333334,2015-08-01,20.836806134355726
788,2015-09-01,siquijor,8,39.0,63.55923076923079,2015-09-01,21.87864644107351
789,2015-10-01,siquijor,9,32.0,68.72406249999999,2015-10-01,53.1338556426071
790,2015-11-01,siquijor,10,22.0,65.49363636363637,2015-11-01,41.67361226871145
791,2015-12-01,siquijor,11,11.0,70.82181818181817,2015-12-01,32.297049508251376
792,2015-01-01,sorsogon,0,20.0,27.5835,2015-01-01,2.6483418227401763
793,2015-02-01,sorsogon,1,28.0,26.20678571428571,2015-02-01,0.7566690922114789
794,2015-03-01,sorsogon,2,14.0,29.181428571428572,2015-03-01,0.7566690922114789
795,2015-04-01,sorsogon,3,4.0,18.375,2015-04-01,0.630557576842899
796,2015-05-01,sorsogon,4,1.0,14.21,2015-05-01,0.630557576842899
797,2015-06-01,sorsogon,5,2.0,58.335,2015-06-01,0.8827806075800587
798,2015-07-01,sorsogon,6,2.0,4.16,2015-07-01,2.3961187920030165
799,2015-08-01,sorsogon,7,16.0,20.3975,2015-08-01,2.9005648534773356
800,2015-09-01,sorsogon,8,9.0,11.33222222222222,2015-09-01,3.783345461057394
801,2015-10-01,sorsogon,9,3.0,13.856666666666667,2015-10-01,4.666126068637453
802,2015-11-01,sorsogon,10,5.0,14.651999999999996,2015-11-01,3.278899399583075
803,2015-12-01,sorsogon,11,2.0,12.35,2015-12-01,2.6483418227401763
804,2015-01-01,south cotabato,0,,45.91305194805194,2015-01-01,13.64477871944414
805,2015-02-01,south cotabato,1,,52.51059210526318,2015-02-01,14.373383408346497
806,2015-03-01,south cotabato,2,,47.31666666666667,2015-03-01,13.909725879044997
807,2015-04-01,south cotabato,3,,25.2,2015-04-01,8.67701947692807
808,2015-05-01,south cotabato,4,,28.363636363636363,2015-05-01,9.273150586029999
809,2015-06-01,south cotabato,5,,50.22245614035089,2015-06-01,15.830592786151211
810,2015-07-01,south cotabato,6,,56.343393665158366,2015-07-01,38.549811721924705
811,2015-08-01,south cotabato,7,,50.66524509803921,2015-08-01,39.80831073002878
812,2015-09-01,south cotabato,8,3.0,58.68333333333334,2015-09-01,29.27666113589471
813,2015-10-01,south cotabato,9,27.0,46.021851851851864,2015-10-01,30.932580883400068
814,2015-11-01,south cotabato,10,12.0,39.863333333333344,2015-11-01,27.09084706918764
815,2015-12-01,south cotabato,11,7.0,46.35,2015-12-01,34.64184111781206
816,2015-01-01,southern leyte,0,6.0,65.33333333333333,2015-01-01,1.896858328393598
817,2015-02-01,southern leyte,1,7.0,43.14285714285715,2015-02-01,0.4742145820983995
818,2015-03-01,southern leyte,2,2.0,9.0,2015-03-01,1.4226437462951984
819,2015-04-01,southern leyte,3,,20.439090909090904,2015-04-01,1.1855364552459988
820,2015-05-01,southern leyte,4,,37.846153846153854,2015-05-01,0.0
821,2015-06-01,southern leyte,5,35.0,37.82628571428571,2015-06-01,0.23710729104919975
822,2015-07-01,southern leyte,6,41.0,39.052439024390246,2015-07-01,1.1855364552459988
823,2015-08-01,southern leyte,7,39.0,37.51358974358975,2015-08-01,1.896858328393598
824,2015-09-01,southern leyte,8,46.0,40.918695652173916,2015-09-01,4.5050385299347955
825,2015-10-01,southern leyte,9,32.0,45.36718749999999,2015-10-01,5.690574985180794
826,2015-11-01,southern leyte,10,31.0,35.60935483870967,2015-11-01,3.5566093657379962
827,2015-12-01,southern leyte,11,23.0,34.5104347826087,2015-12-01,2.6081802015411975
828,2015-01-01,sultan kudarat,0,,43.726804123711325,2015-01-01,5.7875002308843175
829,2015-02-01,sultan kudarat,1,,46.862018779342726,2015-02-01,4.802393808606135
830,2015-03-01,sultan kudarat,2,,44.1081081081081,2015-03-01,7.388298167086362
831,2015-04-01,sultan kudarat,3,,25.2,2015-04-01,3.5710107807584084
832,2015-05-01,sultan kudarat,4,,28.363636363636363,2015-05-01,3.817287386327954
833,2015-06-01,sultan kudarat,5,,54.91540983606558,2015-06-01,7.018883258732044
834,2015-07-01,sultan kudarat,6,,50.52544871794872,2015-07-01,12.067553672907726
835,2015-08-01,sultan kudarat,7,,50.35025806451611,2015-08-01,14.53031972860318
836,2015-09-01,sultan kudarat,8,5.0,67.7,2015-09-01,10.097340828351362
837,2015-10-01,sultan kudarat,9,7.0,67.03428571428572,2015-10-01,10.097340828351362
838,2015-11-01,sultan kudarat,10,9.0,74.21444444444445,2015-11-01,9.358511011642726
839,2015-12-01,sultan kudarat,11,4.0,53.23,2015-12-01,5.7875002308843175
840,2015-01-01,sulu,0,,43.18378151260504,2015-01-01,0.6062582830037915
841,2015-02-01,sulu,1,,43.43468,2015-02-01,0.3637549698022749
842,2015-03-01,sulu,2,,40.71629310344827,2015-03-01,0.6062582830037915
843,2015-04-01,sulu,3,,27.447619047619053,2015-04-01,0.1212516566007583
844,2015-05-01,sulu,4,,38.333333333333336,2015-05-01,0.2425033132015166
845,2015-06-01,sulu,5,,45.589375,2015-06-01,0.4850066264030332
846,2015-07-01,sulu,6,,46.705765306122466,2015-07-01,0.4850066264030332
847,2015-08-01,sulu,7,,46.82348484848487,2015-08-01,0.4850066264030332
848,2015-09-01,sulu,8,,49.3810931174089,2015-09-01,0.2425033132015166
849,2015-10-01,sulu,9,,44.55231958762887,2015-10-01,0.3637549698022749
850,2015-11-01,sulu,10,,40.15056818181818,2015-11-01,0.2425033132015166
851,2015-12-01,sulu,11,,42.91578125,2015-12-01,0.2425033132015166
852,2015-01-01,surigao del norte,0,7.0,63.18,2015-01-01,27.830001979022363
853,2015-02-01,surigao del norte,1,6.0,66.66666666666667,2015-02-01,18.759482815489147
854,2015-03-01,surigao del norte,2,4.0,53.68,2015-03-01,8.658222837918068
855,2015-04-01,surigao del norte,3,,18.03636363636364,2015-04-01,5.566000395804473
856,2015-05-01,surigao del norte,4,,37.846153846153854,2015-05-01,5.566000395804473
857,2015-06-01,surigao del norte,5,,35.45395833333333,2015-06-01,10.101259977571079
858,2015-07-01,surigao del norte,6,4.0,38.5975,2015-07-01,10.925852628801373
859,2015-08-01,surigao del norte,7,10.0,73.24800000000002,2015-08-01,13.605778745299821
860,2015-09-01,surigao del norte,8,6.0,86.15500000000002,2015-09-01,16.90414935022099
861,2015-10-01,surigao del norte,9,5.0,87.542,2015-10-01,36.28207665413286
862,2015-11-01,surigao del norte,10,4.0,76.375,2015-11-01,34.01444686324955
863,2015-12-01,surigao del norte,11,3.0,81.3,2015-12-01,37.725113793785866
864,2015-01-01,surigao del sur,0,,48.40569230769233,2015-01-01,20.261713803292526
865,2015-02-01,surigao del sur,1,,45.3375,2015-02-01,16.88476150274377
866,2015-03-01,surigao del sur,2,,31.571764705882355,2015-03-01,10.975094976783453
867,2015-04-01,surigao del sur,3,,23.077777777777772,2015-04-01,5.0654284508231315
868,2015-05-01,surigao del sur,4,,26.09090909090909,2015-05-01,6.247361756015196
869,2015-06-01,surigao del sur,5,,41.37215384615384,2015-06-01,11.988180666948079
870,2015-07-01,surigao del sur,6,6.0,41.77333333333333,2015-07-01,17.05360911777121
871,2015-08-01,surigao del sur,7,11.0,42.32363636363636,2015-08-01,24.48290417897847
872,2015-09-01,surigao del sur,8,7.0,57.23857142857143,2015-09-01,32.75643731532292
873,2015-10-01,surigao del sur,9,2.0,15.895,2015-10-01,38.32840861122836
874,2015-11-01,surigao del sur,10,1.0,5.08,2015-11-01,36.30223723089911
875,2015-12-01,surigao del sur,11,,51.61942857142858,2015-12-01,61.460531869987335
876,2015-01-01,tarlac,0,16.0,29.55375,2015-01-01,14.274974067130444
877,2015-02-01,tarlac,1,10.0,28.9,2015-02-01,8.711394430710374
878,2015-03-01,tarlac,2,8.0,17.375,2015-03-01,7.247294526389302
879,2015-04-01,tarlac,3,,32.111111111111114,2015-04-01,5.636784631636124
880,2015-05-01,tarlac,4,,34.416666666666664,2015-05-01,7.393704516821409
881,2015-06-01,tarlac,5,18.0,22.913888888888888,2015-06-01,14.640999043210712
882,2015-07-01,tarlac,6,64.0,28.923750000000005,2015-07-01,70.78923037392379
883,2015-08-01,tarlac,7,51.0,23.003921568627447,2015-08-01,121.44708706343286
884,2015-09-01,tarlac,8,46.0,16.61978260869565,2015-09-01,92.01867898657932
885,2015-10-01,tarlac,9,38.0,12.46473684210526,2015-10-01,69.91077043133114
886,2015-11-01,tarlac,10,31.0,8.487096774193548,2015-11-01,53.000416536422776
887,2015-12-01,tarlac,11,22.0,6.700909090909092,2015-12-01,28.623153129476943
888,2015-01-01,tawi-tawi,0,,43.54061403508772,2015-01-01,1.7915872183049024
889,2015-02-01,tawi-tawi,1,,42.64213178294574,2015-02-01,6.1425847484739515
890,2015-03-01,tawi-tawi,2,,44.19208695652173,2015-03-01,3.583174436609805
891,2015-04-01,tawi-tawi,3,,27.447619047619053,2015-04-01,0.5118820623728293
892,2015-05-01,tawi-tawi,4,,31.8,2015-05-01,1.7915872183049024
893,2015-06-01,tawi-tawi,5,,48.45391304347826,2015-06-01,4.350997530169049
894,2015-07-01,tawi-tawi,6,,46.853268292682934,2015-07-01,2.815351343050561
895,2015-08-01,tawi-tawi,7,,47.2023320158103,2015-08-01,1.7915872183049024
896,2015-09-01,tawi-tawi,8,,49.59567375886526,2015-09-01,1.5356461871184879
897,2015-10-01,tawi-tawi,9,,45.662638297872356,2015-10-01,0.5118820623728293
898,2015-11-01,tawi-tawi,10,,38.813133640553005,2015-11-01,1.0237641247456586
899,2015-12-01,tawi-tawi,11,,42.62087719298246,2015-12-01,0.5118820623728293
900,2015-01-01,zambales,0,5.0,53.0,2015-01-01,7.96247502678287
901,2015-02-01,zambales,1,5.0,39.6,2015-02-01,4.7050988794626045
902,2015-03-01,zambales,2,3.0,17.333333333333332,2015-03-01,3.6193068303558498
903,2015-04-01,zambales,3,,17.842105263157894,2015-04-01,2.2922276592253716
904,2015-05-01,zambales,4,,24.41666666666667,2015-05-01,3.6193068303558498
905,2015-06-01,zambales,5,14.0,21.772857142857145,2015-06-01,6.51475229464053
906,2015-07-01,zambales,6,33.0,41.15121212121213,2015-07-01,26.78287054463329
907,2015-08-01,zambales,7,25.0,43.6692,2015-08-01,51.394156991053066
908,2015-09-01,zambales,8,33.0,47.80181818181818,2015-09-01,57.546978602658015
909,2015-10-01,zambales,9,25.0,50.6904,2015-10-01,55.97861230950381
910,2015-11-01,zambales,10,22.0,52.1440909090909,2015-11-01,47.29227591664977
911,2015-12-01,zambales,11,14.0,47.29428571428571,2015-12-01,20.87133605505207
912,2015-01-01,zamboanga del norte,0,72.0,43.00958333333333,2015-01-01,10.57946811971212
913,2015-02-01,zamboanga del norte,1,59.0,46.01135593220339,2015-02-01,7.909882706326819
914,2015-03-01,zamboanga del norte,2,26.0,40.17576923076923,2015-03-01,8.89861804461767
915,2015-04-01,zamboanga del norte,3,,16.15,2015-04-01,7.020020901865052
916,2015-05-01,zamboanga del norte,4,,29.23076923076923,2015-05-01,9.590732781421268
917,2015-06-01,zamboanga del norte,5,6.0,30.32166666666667,2015-06-01,18.785971427526196
918,2015-07-01,zamboanga del norte,6,61.0,52.14213114754099,2015-07-01,25.70711879556216
919,2015-08-01,zamboanga del norte,7,84.0,50.96333333333335,2015-08-01,18.588224359868025
920,2015-09-01,zamboanga del norte,8,81.0,48.522222222222226,2015-09-01,19.28033909667162
921,2015-10-01,zamboanga del norte,9,57.0,39.599649122807016,2015-10-01,15.720891878824553
922,2015-11-01,zamboanga del norte,10,56.0,38.22160714285714,2015-11-01,9.986226916737609
923,2015-12-01,zamboanga del norte,11,47.0,35.36893617021278,2015-12-01,4.449309022308835
924,2015-01-01,zamboanga del sur,0,81.0,48.66666666666666,2015-01-01,15.914782215818331
925,2015-02-01,zamboanga del sur,1,101.0,42.06930693069307,2015-02-01,15.060297264633455
926,2015-03-01,zamboanga del sur,2,49.0,41.41877551020408,2015-03-01,11.642357459893947
927,2015-04-01,zamboanga del sur,3,,16.15,2015-04-01,7.156311466173344
928,2015-05-01,zamboanga del sur,4,,29.23076923076923,2015-05-01,12.443437101629769
929,2015-06-01,zamboanga del sur,5,25.0,56.3136,2015-06-01,24.67325296546332
930,2015-07-01,zamboanga del sur,6,66.0,41.881515151515174,2015-07-01,33.85896619070075
931,2015-08-01,zamboanga del sur,7,84.0,37.756428571428586,2015-08-01,25.367521988301032
932,2015-09-01,zamboanga del sur,8,87.0,46.138505747126466,2015-09-01,22.163203421357743
933,2015-10-01,zamboanga del sur,9,66.0,44.90863636363638,2015-10-01,18.531642378822017
934,2015-11-01,zamboanga del sur,10,52.0,35.490384615384606,2015-11-01,18.211210522127686
935,2015-12-01,zamboanga del sur,11,36.0,45.96722222222221,2015-12-01,12.443437101629769
936,2015-01-01,zamboanga sibugay,0,57.0,40.39368421052632,2015-01-01,6.475773499555383
937,2015-02-01,zamboanga sibugay,1,50.0,45.66,2015-02-01,8.371121840888666
938,2015-03-01,zamboanga sibugay,2,25.0,50.48,2015-03-01,11.21414435288859
939,2015-04-01,zamboanga sibugay,3,,16.15,2015-04-01,10.266470182221948
940,2015-05-01,zamboanga sibugay,4,,29.23076923076923,2015-05-01,15.320732425777368
941,2015-06-01,zamboanga sibugay,5,9.0,47.071111111111115,2015-06-01,24.639528437332675
942,2015-07-01,zamboanga sibugay,6,37.0,47.0172972972973,2015-07-01,22.42828870577718
943,2015-08-01,zamboanga sibugay,7,34.0,56.87617647058825,2015-08-01,13.7412754746663
944,2015-09-01,zamboanga sibugay,8,39.0,50.61897435897436,2015-09-01,7.581393365333131
945,2015-10-01,zamboanga sibugay,9,37.0,50.56243243243245,2015-10-01,9.318796011555307
946,2015-11-01,zamboanga sibugay,10,33.0,40.91272727272728,2015-11-01,4.422479463110993
947,2015-12-01,zamboanga sibugay,11,24.0,42.43458333333333,2015-12-01,1.2635655608888552
