,Month,Year,Region_x,Dengue_Cases,0,Altregion,Unnamed: 0,date,Region_y,MD_aggr,Count
0,Jan,2013,Region.I,16.873576999999997,Region.I,I,240,2013-01-01,I,22.41837301587301,21
1,Feb,2013,Region.I,36.012743,Region.I,I,241,2013-02-01,I,39.53099999999999,15
2,Mar,2013,Region.I,21.184960999999998,Region.I,I,242,2013-03-01,I,41.57333333333333,3
3,Apr,2013,Region.I,15.284282000000001,Region.I,I,243,2013-04-01,I,,0
4,May,2013,Region.I,9.332880000000001,Region.I,I,244,2013-05-01,I,0.0,1
5,Jun,2013,Region.I,27.592863,Region.I,I,245,2013-06-01,I,7.5,2
6,Jul,2013,Region.I,83.505606,Region.I,I,246,2013-07-01,I,56.33666666666666,2
7,Aug,2013,Region.I,35.539336,Region.I,I,247,2013-08-01,I,97.06,1
8,Sep,2013,Region.I,76.658112,Region.I,I,248,2013-09-01,I,27.827480158730157,42
9,Oct,2013,Region.I,23.771792,Region.I,I,249,2013-10-01,I,23.323312127976195,128
10,Nov,2013,Region.I,71.856413,Region.I,I,250,2013-11-01,I,5.709764897074756,923
11,Dec,2013,Region.I,29.587934999999998,Region.I,I,251,2013-12-01,I,27.382118547681564,381
12,Jan,2014,Region.I,8.898958,Region.I,I,252,2014-01-01,I,25.71574694589878,382
13,Feb,2014,Region.I,5.173039,Region.I,I,253,2014-02-01,I,27.4533114351245,436
14,Mar,2014,Region.I,28.792703000000003,Region.I,I,254,2014-03-01,I,25.675885078219014,277
15,Apr,2014,Region.I,33.16733,Region.I,I,255,2014-04-01,I,22.859444444444453,9
16,May,2014,Region.I,20.209782999999998,Region.I,I,256,2014-05-01,I,2.94,2
17,Jun,2014,Region.I,47.605266,Region.I,I,257,2014-06-01,I,29.385255102040826,49
18,Jul,2014,Region.I,18.56306,Region.I,I,258,2014-07-01,I,32.97307751937984,86
19,Aug,2014,Region.I,59.348563,Region.I,I,259,2014-08-01,I,32.64728535353535,132
20,Sep,2014,Region.I,24.268373,Region.I,I,260,2014-09-01,I,31.33444266055047,218
21,Oct,2014,Region.I,5.22294,Region.I,I,261,2014-10-01,I,27.134596278317147,206
22,Nov,2014,Region.I,4.025323,Region.I,I,262,2014-11-01,I,23.482890855457228,113
23,Dec,2014,Region.I,10.745284,Region.I,I,263,2014-12-01,I,21.70533333333334,50
24,Jan,2015,Region.I,13.865062,Region.I,I,264,2015-01-01,I,23.44365384615385,26
25,Feb,2015,Region.I,13.53767,Region.I,I,265,2015-02-01,I,23.647357142857146,20
26,Mar,2015,Region.I,31.429657000000002,Region.I,I,266,2015-03-01,I,13.071428571428573,14
27,Apr,2015,Region.I,13.455822,Region.I,I,267,2015-04-01,I,6.9433333333333325,3
28,May,2015,Region.I,40.547531,Region.I,I,268,2015-05-01,I,10.166666666666666,3
29,Jun,2015,Region.I,13.324864999999999,Region.I,I,269,2015-06-01,I,32.20869230769231,13
30,Jul,2015,Region.I,3.765011,Region.I,I,270,2015-07-01,I,34.234489010989016,91
31,Aug,2015,Region.I,1.735179,Region.I,I,271,2015-08-01,I,38.675616838487976,97
32,Sep,2015,Region.I,4.878145,Region.I,I,272,2015-09-01,I,35.70715750915751,104
33,Oct,2015,Region.I,7.660978999999999,Region.I,I,273,2015-10-01,I,32.877389438943894,101
34,Nov,2015,Region.I,7.972001,Region.I,I,274,2015-11-01,I,29.783896258503407,98
35,Dec,2015,Region.I,18.415814,Region.I,I,275,2015-12-01,I,27.65014814814815,90
36,Jan,2016,Region.I,13.504792000000002,Region.I,I,276,2016-01-01,I,25.980296703296705,91
37,Feb,2016,Region.I,27.912051,Region.I,I,277,2016-02-01,I,22.575133744855968,81
38,Mar,2016,Region.I,9.073028,Region.I,I,278,2016-03-01,I,16.464061643835613,73
39,Apr,2016,Region.I,2.4817869999999997,Region.I,I,279,2016-04-01,I,16.002000000000002,5
40,May,2016,Region.I,1.772705,Region.I,I,280,2016-05-01,I,,0
41,Jun,2016,Region.I,3.738797,Region.I,I,281,2016-06-01,I,28.71142857142857,14
42,Jul,2016,Region.I,5.575964,Region.I,I,282,2016-07-01,I,31.950282608695666,23
43,Aug,2016,Region.I,4.641265,Region.I,I,283,2016-08-01,I,29.623090090090088,37
44,Sep,2016,Region.I,8.235022,Region.I,I,284,2016-09-01,I,29.630817982456136,76
45,Oct,2016,Region.I,8.073867,Region.I,I,285,2016-10-01,I,25.00224897119341,81
46,Nov,2016,Region.I,15.857655,Region.I,I,286,2016-11-01,I,22.952980099502483,67
47,Dec,2016,Region.I,3.593757,Region.I,I,287,2016-12-01,I,21.624060606060606,44
48,Jan,2013,Region.II,7.435678,Region.II,II,48,2013-01-01,II,3.7,1
49,Feb,2013,Region.II,57.712681999999994,Region.II,II,49,2013-02-01,II,,0
50,Mar,2013,Region.II,9.036073,Region.II,II,50,2013-03-01,II,,0
51,Apr,2013,Region.II,4.333375,Region.II,II,51,2013-04-01,II,,0
52,May,2013,Region.II,9.553123,Region.II,II,52,2013-05-01,II,,0
53,Jun,2013,Region.II,36.858313,Region.II,II,53,2013-06-01,II,,0
54,Jul,2013,Region.II,43.309133,Region.II,II,54,2013-07-01,II,,0
55,Aug,2013,Region.II,42.398139,Region.II,II,55,2013-08-01,II,,0
56,Sep,2013,Region.II,72.92873900000001,Region.II,II,56,2013-09-01,II,41.50909090909091,11
57,Oct,2013,Region.II,13.664905,Region.II,II,57,2013-10-01,II,43.43155,10
58,Nov,2013,Region.II,85.855001,Region.II,II,58,2013-11-01,II,39.881875,8
59,Dec,2013,Region.II,21.346798,Region.II,II,59,2013-12-01,II,30.94433333333333,5
60,Jan,2014,Region.II,3.851407,Region.II,II,60,2014-01-01,II,25.9775,4
61,Feb,2014,Region.II,6.176785,Region.II,II,61,2014-02-01,II,12.864,5
62,Mar,2014,Region.II,43.89151,Region.II,II,62,2014-03-01,II,46.13,2
63,Apr,2014,Region.II,34.78378,Region.II,II,63,2014-04-01,II,,0
64,May,2014,Region.II,25.361154,Region.II,II,64,2014-05-01,II,8.33,1
65,Jun,2014,Region.II,56.0513,Region.II,II,65,2014-06-01,II,66.25,1
66,Jul,2014,Region.II,14.703172,Region.II,II,66,2014-07-01,II,70.59333333333333,1
67,Aug,2014,Region.II,55.009724,Region.II,II,67,2014-08-01,II,61.45416666666667,3
68,Sep,2014,Region.II,11.869117,Region.II,II,68,2014-09-01,II,56.90133333333333,3
69,Oct,2014,Region.II,3.6818489999999997,Region.II,II,69,2014-10-01,II,28.50125,8
70,Nov,2014,Region.II,4.77187,Region.II,II,70,2014-11-01,II,20.748125,20
71,Dec,2014,Region.II,20.27439,Region.II,II,71,2014-12-01,II,59.3625,2
72,Jan,2015,Region.II,24.076689000000002,Region.II,II,72,2015-01-01,II,69.77000000000001,2
73,Feb,2015,Region.II,19.404381,Region.II,II,73,2015-02-01,II,57.5625,2
74,Mar,2015,Region.II,36.901697,Region.II,II,74,2015-03-01,II,24.5,1
75,Apr,2015,Region.II,14.016924,Region.II,II,75,2015-04-01,II,,0
76,May,2015,Region.II,44.100865999999996,Region.II,II,76,2015-05-01,II,,0
77,Jun,2015,Region.II,6.0072529999999995,Region.II,II,77,2015-06-01,II,20.0,1
78,Jul,2015,Region.II,2.979788,Region.II,II,78,2015-07-01,II,40.60494791666667,16
79,Aug,2015,Region.II,3.0274650000000003,Region.II,II,79,2015-08-01,II,47.85003623188405,23
80,Sep,2015,Region.II,10.369663000000001,Region.II,II,80,2015-09-01,II,44.95211403508773,19
81,Oct,2015,Region.II,21.192254000000002,Region.II,II,81,2015-10-01,II,44.299345528455284,41
82,Nov,2015,Region.II,15.280354,Region.II,II,82,2015-11-01,II,41.018856209150336,51
83,Dec,2015,Region.II,16.114695,Region.II,II,83,2015-12-01,II,42.47541880341881,39
84,Jan,2016,Region.II,12.133091,Region.II,II,84,2016-01-01,II,48.353412698412704,21
85,Feb,2016,Region.II,22.177507000000002,Region.II,II,85,2016-02-01,II,43.679509803921576,17
86,Mar,2016,Region.II,4.036541000000001,Region.II,II,86,2016-03-01,II,42.90370833333333,12
87,Apr,2016,Region.II,0.586707,Region.II,II,87,2016-04-01,II,41.495,1
88,May,2016,Region.II,1.2672860000000001,Region.II,II,88,2016-05-01,II,40.66,1
89,Jun,2016,Region.II,5.256891,Region.II,II,89,2016-06-01,II,,0
90,Jul,2016,Region.II,9.974011,Region.II,II,90,2016-07-01,II,,0
91,Aug,2016,Region.II,4.928335,Region.II,II,91,2016-08-01,II,,0
92,Sep,2016,Region.II,7.697589999999999,Region.II,II,92,2016-09-01,II,,0
93,Oct,2016,Region.II,8.190423,Region.II,II,93,2016-10-01,II,,0
94,Nov,2016,Region.II,2.792723,Region.II,II,94,2016-11-01,II,,0
95,Dec,2016,Region.II,1.149945,Region.II,II,95,2016-12-01,II,,0
96,Jan,2013,Region.III,6.090374,Region.III,III,672,2013-01-01,III,23.14840909090909,22
97,Feb,2013,Region.III,22.952528,Region.III,III,673,2013-02-01,III,30.11933333333333,15
98,Mar,2013,Region.III,12.248924,Region.III,III,674,2013-03-01,III,10.130416666666664,8
99,Apr,2013,Region.III,9.082535,Region.III,III,675,2013-04-01,III,,0
100,May,2013,Region.III,3.007311,Region.III,III,676,2013-05-01,III,,0
101,Jun,2013,Region.III,18.793803,Region.III,III,677,2013-06-01,III,22.44101449275363,23
102,Jul,2013,Region.III,56.707138,Region.III,III,678,2013-07-01,III,17.801428571428573,14
103,Aug,2013,Region.III,39.18595,Region.III,III,679,2013-08-01,III,22.86972222222223,18
104,Sep,2013,Region.III,23.104029999999998,Region.III,III,680,2013-09-01,III,29.69088014981273,89
105,Oct,2013,Region.III,12.604953,Region.III,III,681,2013-10-01,III,26.463203389830518,236
106,Nov,2013,Region.III,44.829394,Region.III,III,682,2013-11-01,III,25.09538649425287,232
107,Dec,2013,Region.III,25.11143,Region.III,III,683,2013-12-01,III,25.48252254901961,170
108,Jan,2014,Region.III,6.491048,Region.III,III,684,2014-01-01,III,23.14641049382716,162
109,Feb,2014,Region.III,2.585986,Region.III,III,685,2014-02-01,III,16.5706498015873,168
110,Mar,2014,Region.III,19.137785,Region.III,III,686,2014-03-01,III,16.458678861788616,82
111,Apr,2014,Region.III,35.287154,Region.III,III,687,2014-04-01,III,1.04125,2
112,May,2014,Region.III,27.670792,Region.III,III,688,2014-05-01,III,6.944,1
113,Jun,2014,Region.III,24.466257000000002,Region.III,III,689,2014-06-01,III,8.159455782312925,98
114,Jul,2014,Region.III,16.194083,Region.III,III,690,2014-07-01,III,24.70393859649123,114
115,Aug,2014,Region.III,51.734619,Region.III,III,691,2014-08-01,III,29.6864356725146,114
116,Sep,2014,Region.III,24.898495999999998,Region.III,III,692,2014-09-01,III,25.35195928753181,131
117,Oct,2014,Region.III,4.5012550000000005,Region.III,III,693,2014-10-01,III,21.357129496402873,139
118,Nov,2014,Region.III,2.399675,Region.III,III,694,2014-11-01,III,16.055509345794395,107
119,Dec,2014,Region.III,9.785012,Region.III,III,695,2014-12-01,III,13.360315315315313,37
120,Jan,2015,Region.III,17.330592000000003,Region.III,III,696,2015-01-01,III,21.208722222222214,27
121,Feb,2015,Region.III,22.053783,Region.III,III,697,2015-02-01,III,20.106666666666666,25
122,Mar,2015,Region.III,19.772863,Region.III,III,698,2015-03-01,III,29.140138888888888,24
123,Apr,2015,Region.III,18.408711,Region.III,III,699,2015-04-01,III,42.083333333333336,3
124,May,2015,Region.III,54.199353,Region.III,III,700,2015-05-01,III,43.83333333333334,3
125,Jun,2015,Region.III,19.934214,Region.III,III,701,2015-06-01,III,25.39064814814814,63
126,Jul,2015,Region.III,2.207579,Region.III,III,702,2015-07-01,III,33.158594871794875,65
127,Aug,2015,Region.III,2.398266,Region.III,III,703,2015-08-01,III,35.763267765567754,65
128,Sep,2015,Region.III,9.160351,Region.III,III,704,2015-09-01,III,35.52192741935483,62
129,Oct,2015,Region.III,10.898544000000001,Region.III,III,705,2015-10-01,III,31.728461021505385,62
130,Nov,2015,Region.III,16.626513,Region.III,III,706,2015-11-01,III,28.03691256830601,61
131,Dec,2015,Region.III,18.284031,Region.III,III,707,2015-12-01,III,29.05031944444445,48
132,Jan,2016,Region.III,19.891922,Region.III,III,708,2016-01-01,III,26.468472222222232,54
133,Feb,2016,Region.III,41.690003000000004,Region.III,III,709,2016-02-01,III,26.765443262411353,47
134,Mar,2016,Region.III,16.657229,Region.III,III,710,2016-03-01,III,24.963134146341464,41
135,Apr,2016,Region.III,2.231072,Region.III,III,711,2016-04-01,III,18.586,5
136,May,2016,Region.III,1.256332,Region.III,III,712,2016-05-01,III,24.70666666666667,3
137,Jun,2016,Region.III,8.592155,Region.III,III,713,2016-06-01,III,,0
138,Jul,2016,Region.III,9.747403,Region.III,III,714,2016-07-01,III,31.82,1
139,Aug,2016,Region.III,8.931509,Region.III,III,715,2016-08-01,III,65.62,1
140,Sep,2016,Region.III,14.5128,Region.III,III,716,2016-09-01,III,,0
141,Oct,2016,Region.III,10.693261999999999,Region.III,III,717,2016-10-01,III,,0
142,Nov,2016,Region.III,22.852245,Region.III,III,718,2016-11-01,III,,0
143,Dec,2016,Region.III,14.317851999999998,Region.III,III,719,2016-12-01,III,,0
144,Jan,2013,Region.IV.A,5.028649,Region.IV.A,IV-A,480,2013-01-01,IV-A,11.31,2
145,Feb,2013,Region.IV.A,14.413889999999999,Region.IV.A,IV-A,481,2013-02-01,IV-A,13.33,1
146,Mar,2013,Region.IV.A,12.645313999999999,Region.IV.A,IV-A,482,2013-03-01,IV-A,,0
147,Apr,2013,Region.IV.A,3.207017,Region.IV.A,IV-A,483,2013-04-01,IV-A,,0
148,May,2013,Region.IV.A,6.496567,Region.IV.A,IV-A,484,2013-05-01,IV-A,,0
149,Jun,2013,Region.IV.A,36.397282000000004,Region.IV.A,IV-A,485,2013-06-01,IV-A,,0
150,Jul,2013,Region.IV.A,24.960494,Region.IV.A,IV-A,486,2013-07-01,IV-A,44.717222222222226,6
151,Aug,2013,Region.IV.A,31.669290999999998,Region.IV.A,IV-A,487,2013-08-01,IV-A,19.615,2
152,Sep,2013,Region.IV.A,31.280203999999998,Region.IV.A,IV-A,488,2013-09-01,IV-A,6.487692307692307,13
153,Oct,2013,Region.IV.A,12.668895,Region.IV.A,IV-A,489,2013-10-01,IV-A,24.905571917808214,146
154,Nov,2013,Region.IV.A,25.591286,Region.IV.A,IV-A,490,2013-11-01,IV-A,25.47228645833334,160
155,Dec,2013,Region.IV.A,21.56483,Region.IV.A,IV-A,491,2013-12-01,IV-A,27.323724537037037,144
156,Jan,2014,Region.IV.A,1.832729,Region.IV.A,IV-A,492,2014-01-01,IV-A,28.218517751479286,169
157,Feb,2014,Region.IV.A,5.596782,Region.IV.A,IV-A,493,2014-02-01,IV-A,22.58974712643678,145
158,Mar,2014,Region.IV.A,36.202192,Region.IV.A,IV-A,494,2014-03-01,IV-A,25.275223367697592,97
159,Apr,2014,Region.IV.A,15.16641,Region.IV.A,IV-A,495,2014-04-01,IV-A,12.233833333333333,6
160,May,2014,Region.IV.A,29.074269,Region.IV.A,IV-A,496,2014-05-01,IV-A,6.141666666666667,2
161,Jun,2014,Region.IV.A,22.938108,Region.IV.A,IV-A,497,2014-06-01,IV-A,15.751583333333333,20
162,Jul,2014,Region.IV.A,14.110851,Region.IV.A,IV-A,498,2014-07-01,IV-A,27.99859770114942,29
163,Aug,2014,Region.IV.A,37.048959,Region.IV.A,IV-A,499,2014-08-01,IV-A,32.2149475308642,54
164,Sep,2014,Region.IV.A,20.345609,Region.IV.A,IV-A,500,2014-09-01,IV-A,21.722468518518518,90
165,Oct,2014,Region.IV.A,1.3571469999999999,Region.IV.A,IV-A,501,2014-10-01,IV-A,23.812303703703705,90
166,Nov,2014,Region.IV.A,4.558623000000001,Region.IV.A,IV-A,502,2014-11-01,IV-A,24.883347953216372,57
167,Dec,2014,Region.IV.A,19.951224,Region.IV.A,IV-A,503,2014-12-01,IV-A,29.405543478260874,23
168,Jan,2015,Region.IV.A,8.76138,Region.IV.A,IV-A,504,2015-01-01,IV-A,24.76625,24
169,Feb,2015,Region.IV.A,20.998772,Region.IV.A,IV-A,505,2015-02-01,IV-A,24.36666666666667,15
170,Mar,2015,Region.IV.A,16.489658,Region.IV.A,IV-A,506,2015-03-01,IV-A,12.28125,8
171,Apr,2015,Region.IV.A,16.238518,Region.IV.A,IV-A,507,2015-04-01,IV-A,,0
172,May,2015,Region.IV.A,48.116240999999995,Region.IV.A,IV-A,508,2015-05-01,IV-A,,0
173,Jun,2015,Region.IV.A,15.713405999999999,Region.IV.A,IV-A,509,2015-06-01,IV-A,24.2581560283688,47
174,Jul,2015,Region.IV.A,1.3698569999999999,Region.IV.A,IV-A,510,2015-07-01,IV-A,27.96386274509805,51
175,Aug,2015,Region.IV.A,3.184918,Region.IV.A,IV-A,511,2015-08-01,IV-A,29.769905303030306,44
176,Sep,2015,Region.IV.A,10.422332,Region.IV.A,IV-A,512,2015-09-01,IV-A,34.81066000000001,50
177,Oct,2015,Region.IV.A,6.6552240000000005,Region.IV.A,IV-A,513,2015-10-01,IV-A,38.00809068627451,68
178,Nov,2015,Region.IV.A,13.436017999999999,Region.IV.A,IV-A,514,2015-11-01,IV-A,36.04064583333333,56
179,Dec,2015,Region.IV.A,13.082138,Region.IV.A,IV-A,515,2015-12-01,IV-A,29.98195454545455,55
180,Jan,2016,Region.IV.A,14.452420000000002,Region.IV.A,IV-A,516,2016-01-01,IV-A,26.087037037037028,54
181,Feb,2016,Region.IV.A,32.186415000000004,Region.IV.A,IV-A,517,2016-02-01,IV-A,25.40616666666666,55
182,Mar,2016,Region.IV.A,11.97438,Region.IV.A,IV-A,518,2016-03-01,IV-A,23.09719369369369,37
183,Apr,2016,Region.IV.A,0.65182,Region.IV.A,IV-A,519,2016-04-01,IV-A,25.175,3
184,May,2016,Region.IV.A,1.410403,Region.IV.A,IV-A,520,2016-05-01,IV-A,,0
185,Jun,2016,Region.IV.A,7.080112,Region.IV.A,IV-A,521,2016-06-01,IV-A,37.51,3
186,Jul,2016,Region.IV.A,3.8547279999999997,Region.IV.A,IV-A,522,2016-07-01,IV-A,30.3775,2
187,Aug,2016,Region.IV.A,6.956491000000001,Region.IV.A,IV-A,523,2016-08-01,IV-A,31.879166666666666,2
188,Sep,2016,Region.IV.A,7.585835,Region.IV.A,IV-A,524,2016-09-01,IV-A,62.18,1
189,Oct,2016,Region.IV.A,6.310291,Region.IV.A,IV-A,525,2016-10-01,IV-A,56.595,1
190,Nov,2016,Region.IV.A,12.614962,Region.IV.A,IV-A,526,2016-11-01,IV-A,51.6,1
191,Dec,2016,Region.IV.A,8.237654,Region.IV.A,IV-A,527,2016-12-01,IV-A,,0
192,Jan,2013,Region.IV.B,7.169119,Region.IV.B,MI MAROPA,288,2013-01-01,MI MAROPA,34.41571428571429,7
193,Feb,2013,Region.IV.B,17.320591,Region.IV.B,MI MAROPA,289,2013-02-01,MI MAROPA,36.323,5
194,Mar,2013,Region.IV.B,19.729415,Region.IV.B,MI MAROPA,290,2013-03-01,MI MAROPA,73.075,2
195,Apr,2013,Region.IV.B,0.745588,Region.IV.B,MI MAROPA,291,2013-04-01,MI MAROPA,,0
196,May,2013,Region.IV.B,0.6308819999999999,Region.IV.B,MI MAROPA,292,2013-05-01,MI MAROPA,,0
197,Jun,2013,Region.IV.B,29.536769,Region.IV.B,MI MAROPA,293,2013-06-01,MI MAROPA,,0
198,Jul,2013,Region.IV.B,9.778678,Region.IV.B,MI MAROPA,294,2013-07-01,MI MAROPA,,0
199,Aug,2013,Region.IV.B,11.585296000000001,Region.IV.B,MI MAROPA,295,2013-08-01,MI MAROPA,,0
200,Sep,2013,Region.IV.B,25.579415,Region.IV.B,MI MAROPA,296,2013-09-01,MI MAROPA,53.56999999999999,1
201,Oct,2013,Region.IV.B,14.166178,Region.IV.B,MI MAROPA,297,2013-10-01,MI MAROPA,37.10238095238096,7
202,Nov,2013,Region.IV.B,21.134562,Region.IV.B,MI MAROPA,298,2013-11-01,MI MAROPA,42.88700000000001,15
203,Dec,2013,Region.IV.B,24.977209,Region.IV.B,MI MAROPA,299,2013-12-01,MI MAROPA,45.49618956743002,131
204,Jan,2014,Region.IV.B,0.677089,Region.IV.B,MI MAROPA,300,2014-01-01,MI MAROPA,50.041073943661964,142
205,Feb,2014,Region.IV.B,1.10027,Region.IV.B,MI MAROPA,301,2014-02-01,MI MAROPA,49.403573141486845,139
206,Mar,2014,Region.IV.B,10.269182,Region.IV.B,MI MAROPA,302,2014-03-01,MI MAROPA,48.4294673539519,97
207,Apr,2014,Region.IV.B,6.319497,Region.IV.B,MI MAROPA,303,2014-04-01,MI MAROPA,,0
208,May,2014,Region.IV.B,11.820845,Region.IV.B,MI MAROPA,304,2014-05-01,MI MAROPA,,0
209,Jun,2014,Region.IV.B,13.541779,Region.IV.B,MI MAROPA,305,2014-06-01,MI MAROPA,29.087125000000004,20
210,Jul,2014,Region.IV.B,8.463612,Region.IV.B,MI MAROPA,306,2014-07-01,MI MAROPA,51.08475396825398,21
211,Aug,2014,Region.IV.B,20.566577,Region.IV.B,MI MAROPA,307,2014-08-01,MI MAROPA,44.32413978494622,31
212,Sep,2014,Region.IV.B,13.118598,Region.IV.B,MI MAROPA,308,2014-09-01,MI MAROPA,42.80647555555557,75
213,Oct,2014,Region.IV.B,0.28212,Region.IV.B,MI MAROPA,309,2014-10-01,MI MAROPA,49.42996636432351,126
214,Nov,2014,Region.IV.B,0.366757,Region.IV.B,MI MAROPA,310,2014-11-01,MI MAROPA,37.663259075907604,101
215,Dec,2014,Region.IV.B,3.0469,Region.IV.B,MI MAROPA,311,2014-12-01,MI MAROPA,38.82662429378532,59
216,Jan,2015,Region.IV.B,2.915257,Region.IV.B,MI MAROPA,312,2015-01-01,MI MAROPA,40.41676422764229,41
217,Feb,2015,Region.IV.B,9.384350999999999,Region.IV.B,MI MAROPA,313,2015-02-01,MI MAROPA,36.0850462962963,54
218,Mar,2015,Region.IV.B,5.9971,Region.IV.B,MI MAROPA,314,2015-03-01,MI MAROPA,34.30214814814815,45
219,Apr,2015,Region.IV.B,7.662961,Region.IV.B,MI MAROPA,315,2015-04-01,MI MAROPA,32.28559523809524,7
220,May,2015,Region.IV.B,11.438912,Region.IV.B,MI MAROPA,316,2015-05-01,MI MAROPA,27.615,4
221,Jun,2015,Region.IV.B,8.495891,Region.IV.B,MI MAROPA,317,2015-06-01,MI MAROPA,35.6229218426501,46
222,Jul,2015,Region.IV.B,0.388701,Region.IV.B,MI MAROPA,318,2015-07-01,MI MAROPA,42.22468237082067,47
223,Aug,2015,Region.IV.B,0.388701,Region.IV.B,MI MAROPA,319,2015-08-01,MI MAROPA,43.32939265536722,59
224,Sep,2015,Region.IV.B,1.3604530000000001,Region.IV.B,MI MAROPA,320,2015-09-01,MI MAROPA,43.131426108374384,58
225,Oct,2015,Region.IV.B,1.749154,Region.IV.B,MI MAROPA,321,2015-10-01,MI MAROPA,41.75275669642858,64
226,Nov,2015,Region.IV.B,7.4408460000000005,Region.IV.B,MI MAROPA,322,2015-11-01,MI MAROPA,36.23356084656085,63
227,Dec,2015,Region.IV.B,3.6926589999999995,Region.IV.B,MI MAROPA,323,2015-12-01,MI MAROPA,33.076169312169306,63
228,Jan,2016,Region.IV.B,6.478006,Region.IV.B,MI MAROPA,324,2016-01-01,MI MAROPA,33.125841991341986,77
229,Feb,2016,Region.IV.B,6.2046730000000005,Region.IV.B,MI MAROPA,325,2016-02-01,MI MAROPA,37.37216239316239,78
230,Mar,2016,Region.IV.B,6.314006,Region.IV.B,MI MAROPA,326,2016-03-01,MI MAROPA,35.209586021505366,62
231,Apr,2016,Region.IV.B,0.191334,Region.IV.B,MI MAROPA,327,2016-04-01,MI MAROPA,59.09,1
232,May,2016,Region.IV.B,0.109333,Region.IV.B,MI MAROPA,328,2016-05-01,MI MAROPA,,0
233,Jun,2016,Region.IV.B,0.683334,Region.IV.B,MI MAROPA,329,2016-06-01,MI MAROPA,55.58625,8
234,Jul,2016,Region.IV.B,0.437334,Region.IV.B,MI MAROPA,330,2016-07-01,MI MAROPA,44.359404761904756,14
235,Aug,2016,Region.IV.B,3.198003,Region.IV.B,MI MAROPA,331,2016-08-01,MI MAROPA,29.51531111111111,15
236,Sep,2016,Region.IV.B,1.284668,Region.IV.B,MI MAROPA,332,2016-09-01,MI MAROPA,39.7941111111111,15
237,Oct,2016,Region.IV.B,3.362003,Region.IV.B,MI MAROPA,333,2016-10-01,MI MAROPA,28.05816666666667,10
238,Nov,2016,Region.IV.B,3.5806699999999996,Region.IV.B,MI MAROPA,334,2016-11-01,MI MAROPA,33.52010416666667,16
239,Dec,2016,Region.IV.B,4.045337,Region.IV.B,MI MAROPA,335,2016-12-01,MI MAROPA,30.809019607843137,17
240,Jan,2013,Region.V,3.6287849999999997,Region.V,V,720,2013-01-01,V,5.29,2
241,Feb,2013,Region.V,5.080299,Region.V,V,721,2013-02-01,V,,0
242,Mar,2013,Region.V,5.24418,Region.V,V,722,2013-03-01,V,,0
243,Apr,2013,Region.V,1.24081,Region.V,V,723,2013-04-01,V,,0
244,May,2013,Region.V,4.050192,Region.V,V,724,2013-05-01,V,,0
245,Jun,2013,Region.V,20.883073,Region.V,V,725,2013-06-01,V,47.77833333333334,6
246,Jul,2013,Region.V,7.398039,Region.V,V,726,2013-07-01,V,29.165,2
247,Aug,2013,Region.V,11.448232,Region.V,V,727,2013-08-01,V,66.67,1
248,Sep,2013,Region.V,11.658935000000001,Region.V,V,728,2013-09-01,V,61.47375,4
249,Oct,2013,Region.V,11.401409,Region.V,V,729,2013-10-01,V,52.31930107526883,155
250,Nov,2013,Region.V,8.498381,Region.V,V,730,2013-11-01,V,40.17595238095238,14
251,Dec,2013,Region.V,9.458253,Region.V,V,731,2013-12-01,V,37.27125,16
252,Jan,2014,Region.V,0.7831,Region.V,V,732,2014-01-01,V,41.09971014492754,23
253,Feb,2014,Region.V,3.3166589999999996,Region.V,V,733,2014-02-01,V,39.15697368421053,19
254,Mar,2014,Region.V,20.406664000000003,Region.V,V,734,2014-03-01,V,29.2118,15
255,Apr,2014,Region.V,5.87325,Region.V,V,735,2014-04-01,V,,0
256,May,2014,Region.V,8.982617,Region.V,V,736,2014-05-01,V,,0
257,Jun,2014,Region.V,6.587253,Region.V,V,737,2014-06-01,V,31.264427083333334,32
258,Jul,2014,Region.V,10.1803,Region.V,V,738,2014-07-01,V,38.68988888888888,96
259,Aug,2014,Region.V,6.4029940000000005,Region.V,V,739,2014-08-01,V,40.777160337552736,79
260,Sep,2014,Region.V,8.752294000000001,Region.V,V,740,2014-09-01,V,46.83029678362573,114
261,Oct,2014,Region.V,0.6218739999999999,Region.V,V,741,2014-10-01,V,37.543104325699744,131
262,Nov,2014,Region.V,2.763882,Region.V,V,742,2014-11-01,V,43.62583589743589,130
263,Dec,2014,Region.V,7.278223,Region.V,V,743,2014-12-01,V,42.172545045045055,74
264,Jan,2015,Region.V,4.238702,Region.V,V,744,2015-01-01,V,37.90816017316017,77
265,Feb,2015,Region.V,8.477404,Region.V,V,745,2015-02-01,V,37.04041111111111,75
266,Mar,2015,Region.V,5.032042,Region.V,V,746,2015-03-01,V,37.68999999999999,55
267,Apr,2015,Region.V,9.089409,Region.V,V,747,2015-04-01,V,17.5285,4
268,May,2015,Region.V,6.029383,Region.V,V,748,2015-05-01,V,20.22,4
269,Jun,2015,Region.V,6.05205,Region.V,V,749,2015-06-01,V,49.32075,10
270,Jul,2015,Region.V,0.589338,Region.V,V,750,2015-07-01,V,43.19788095238096,21
271,Aug,2015,Region.V,2.312019,Region.V,V,751,2015-08-01,V,44.249532163742685,57
272,Sep,2015,Region.V,3.876032,Region.V,V,752,2015-09-01,V,39.103050314465406,53
273,Oct,2015,Region.V,3.7626980000000003,Region.V,V,753,2015-10-01,V,38.97309090909091,55
274,Nov,2015,Region.V,7.1853929999999995,Region.V,V,754,2015-11-01,V,38.531510101010106,66
275,Dec,2015,Region.V,3.649364,Region.V,V,755,2015-12-01,V,40.066664141414144,66
276,Jan,2016,Region.V,7.743303,Region.V,V,756,2016-01-01,V,41.98788160469668,73
277,Feb,2016,Region.V,5.3779129999999995,Region.V,V,757,2016-02-01,V,38.82388603174604,75
278,Mar,2016,Region.V,6.002733,Region.V,V,758,2016-03-01,V,36.66548181818183,55
279,Apr,2016,Region.V,0.557875,Region.V,V,759,2016-04-01,V,31.2575,4
280,May,2016,Region.V,2.097609,Region.V,V,760,2016-05-01,V,,0
281,Jun,2016,Region.V,2.4100189999999997,Region.V,V,761,2016-06-01,V,38.55204166666667,12
282,Jul,2016,Region.V,3.1910439999999998,Region.V,V,762,2016-07-01,V,40.933777777777784,15
283,Aug,2016,Region.V,7.520153,Region.V,V,763,2016-08-01,V,40.022988095238105,28
284,Sep,2016,Region.V,2.008349,Region.V,V,764,2016-09-01,V,41.04458045977012,29
285,Oct,2016,Region.V,3.034839,Region.V,V,765,2016-10-01,V,37.5012,25
286,Nov,2016,Region.V,3.7935489999999996,Region.V,V,766,2016-11-01,V,36.40791666666667,24
287,Dec,2016,Region.V,4.061329,Region.V,V,767,2016-12-01,V,37.216818181818184,22
288,Jan,2013,Region.VI,22.941512,Region.VI,VI,336,2013-01-01,VI,31.060783333333305,100
289,Feb,2013,Region.VI,19.775144,Region.VI,VI,337,2013-02-01,VI,33.50364963503651,137
290,Mar,2013,Region.VI,70.774199,Region.VI,VI,338,2013-03-01,VI,11.7,3
291,Apr,2013,Region.VI,3.13705,Region.VI,VI,339,2013-04-01,VI,,0
292,May,2013,Region.VI,11.507404,Region.VI,VI,340,2013-05-01,VI,,0
293,Jun,2013,Region.VI,147.324089,Region.VI,VI,341,2013-06-01,VI,,0
294,Jul,2013,Region.VI,7.44683,Region.VI,VI,342,2013-07-01,VI,,0
295,Aug,2013,Region.VI,28.878453000000004,Region.VI,VI,343,2013-08-01,VI,62.96,1
296,Sep,2013,Region.VI,45.369956,Region.VI,VI,344,2013-09-01,VI,47.62,2
297,Oct,2013,Region.VI,25.975949,Region.VI,VI,345,2013-10-01,VI,38.78117647058824,17
298,Nov,2013,Region.VI,26.342427,Region.VI,VI,346,2013-11-01,VI,54.170388888888894,15
299,Dec,2013,Region.VI,115.850973,Region.VI,VI,347,2013-12-01,VI,48.23032945736434,43
300,Jan,2014,Region.VI,2.394002,Region.VI,VI,348,2014-01-01,VI,53.81832407407407,36
301,Feb,2014,Region.VI,7.109897999999999,Region.VI,VI,349,2014-02-01,VI,54.21348095238096,35
302,Mar,2014,Region.VI,89.27032700000001,Region.VI,VI,350,2014-03-01,VI,43.9709649122807,19
303,Apr,2014,Region.VI,4.932222,Region.VI,VI,351,2014-04-01,VI,,0
304,May,2014,Region.VI,18.012704,Region.VI,VI,352,2014-05-01,VI,,0
305,Jun,2014,Region.VI,21.502756,Region.VI,VI,353,2014-06-01,VI,60.0,4
306,Jul,2014,Region.VI,16.772438,Region.VI,VI,354,2014-07-01,VI,49.5192,10
307,Aug,2014,Region.VI,26.218652000000002,Region.VI,VI,355,2014-08-01,VI,53.38037037037037,18
308,Sep,2014,Region.VI,70.01735699999999,Region.VI,VI,356,2014-09-01,VI,46.99721505376344,31
309,Oct,2014,Region.VI,1.730604,Region.VI,VI,357,2014-10-01,VI,46.80689047619048,35
310,Nov,2014,Region.VI,7.268536999999999,Region.VI,VI,358,2014-11-01,VI,47.04083333333334,18
311,Dec,2014,Region.VI,27.386809000000003,Region.VI,VI,359,2014-12-01,VI,65.679,10
312,Jan,2015,Region.VI,3.406283,Region.VI,VI,360,2015-01-01,VI,52.43250000000001,10
313,Feb,2015,Region.VI,14.292195999999999,Region.VI,VI,361,2015-02-01,VI,51.27083333333334,8
314,Mar,2015,Region.VI,13.000647,Region.VI,VI,362,2015-03-01,VI,68.0,1
315,Apr,2015,Region.VI,10.261428,Region.VI,VI,363,2015-04-01,VI,,0
316,May,2015,Region.VI,22.722747000000002,Region.VI,VI,364,2015-05-01,VI,17.75,2
317,Jun,2015,Region.VI,28.144414,Region.VI,VI,365,2015-06-01,VI,11.0,2
318,Jul,2015,Region.VI,1.816684,Region.VI,VI,366,2015-07-01,VI,47.75015873015872,21
319,Aug,2015,Region.VI,2.937919,Region.VI,VI,367,2015-08-01,VI,39.65450000000001,30
320,Sep,2015,Region.VI,9.693714,Region.VI,VI,368,2015-09-01,VI,45.92867647058823,34
321,Oct,2015,Region.VI,2.824376,Region.VI,VI,369,2015-10-01,VI,42.92354597701149,29
322,Nov,2015,Region.VI,13.085804,Region.VI,VI,370,2015-11-01,VI,45.14623456790123,27
323,Dec,2015,Region.VI,6.613866000000001,Region.VI,VI,371,2015-12-01,VI,46.79094202898551,23
324,Jan,2016,Region.VI,7.852561,Region.VI,VI,372,2016-01-01,VI,40.58186507936508,21
325,Feb,2016,Region.VI,17.591413,Region.VI,VI,373,2016-02-01,VI,40.26864583333333,24
326,Mar,2016,Region.VI,14.908686999999999,Region.VI,VI,374,2016-03-01,VI,42.48466666666667,19
327,Apr,2016,Region.VI,1.229582,Region.VI,VI,375,2016-04-01,VI,,0
328,May,2016,Region.VI,3.199709,Region.VI,VI,376,2016-05-01,VI,,0
329,Jun,2016,Region.VI,4.876412,Region.VI,VI,377,2016-06-01,VI,,0
330,Jul,2016,Region.VI,2.109852,Region.VI,VI,378,2016-07-01,VI,69.81,1
331,Aug,2016,Region.VI,11.178022,Region.VI,VI,379,2016-08-01,VI,,0
332,Sep,2016,Region.VI,4.792577,Region.VI,VI,380,2016-09-01,VI,52.38,1
333,Oct,2016,Region.VI,4.093951000000001,Region.VI,VI,381,2016-10-01,VI,78.78333333333333,2
334,Nov,2016,Region.VI,11.16405,Region.VI,VI,382,2016-11-01,VI,48.08666666666666,8
335,Dec,2016,Region.VI,8.411462,Region.VI,VI,383,2016-12-01,VI,34.964523809523804,7
336,Jan,2013,Region.VII,10.55295,Region.VII,VII,144,2013-01-01,VII,33.771274000000034,250
337,Feb,2013,Region.VII,12.792605,Region.VII,VII,145,2013-02-01,VII,31.019159482758607,116
338,Mar,2013,Region.VII,45.153719,Region.VII,VII,146,2013-03-01,VII,34.892826086956525,46
339,Apr,2013,Region.VII,5.750978,Region.VII,VII,147,2013-04-01,VII,49.49,1
340,May,2013,Region.VII,23.459435,Region.VII,VII,148,2013-05-01,VII,33.93,1
341,Jun,2013,Region.VII,65.27265200000001,Region.VII,VII,149,2013-06-01,VII,31.537827160493826,27
342,Jul,2013,Region.VII,10.837652,Region.VII,VII,150,2013-07-01,VII,41.51749543719927,287
343,Aug,2013,Region.VII,53.144352000000005,Region.VII,VII,151,2013-08-01,VII,44.82673770060509,181
344,Sep,2013,Region.VII,41.054012,Region.VII,VII,152,2013-09-01,VII,44.697501626016255,205
345,Oct,2013,Region.VII,14.424895999999999,Region.VII,VII,153,2013-10-01,VII,36.218038296961936,779
346,Nov,2013,Region.VII,26.477275,Region.VII,VII,154,2013-11-01,VII,31.32348709677416,930
347,Dec,2013,Region.VII,94.369185,Region.VII,VII,155,2013-12-01,VII,36.873636807817576,921
348,Jan,2014,Region.VII,4.462783,Region.VII,VII,156,2014-01-01,VII,37.604699604184354,1179
349,Feb,2014,Region.VII,23.434276999999998,Region.VII,VII,157,2014-02-01,VII,37.42359394537678,1013
350,Mar,2014,Region.VII,77.697234,Region.VII,VII,158,2014-03-01,VII,37.31810248447202,644
351,Apr,2014,Region.VII,11.48373,Region.VII,VII,159,2014-04-01,VII,39.510511111111114,30
352,May,2014,Region.VII,42.144354,Region.VII,VII,160,2014-05-01,VII,27.43683333333333,5
353,Jun,2014,Region.VII,33.741625,Region.VII,VII,161,2014-06-01,VII,45.19576470588235,85
354,Jul,2014,Region.VII,16.114567,Region.VII,VII,162,2014-07-01,VII,39.735679399585905,230
355,Aug,2014,Region.VII,41.192045,Region.VII,VII,163,2014-08-01,VII,41.07510659819484,306
356,Sep,2014,Region.VII,68.09945,Region.VII,VII,164,2014-09-01,VII,37.26149555050649,503
357,Oct,2014,Region.VII,4.6308370000000005,Region.VII,VII,165,2014-10-01,VII,36.8584059485531,622
358,Nov,2014,Region.VII,16.973513,Region.VII,VII,166,2014-11-01,VII,35.86562592592593,450
359,Dec,2014,Region.VII,34.413843,Region.VII,VII,167,2014-12-01,VII,35.22392385786804,197
360,Jan,2015,Region.VII,8.489907,Region.VII,VII,168,2015-01-01,VII,33.844729629629626,135
361,Feb,2015,Region.VII,41.493959000000004,Region.VII,VII,169,2015-02-01,VII,33.075899509803925,136
362,Mar,2015,Region.VII,19.7179,Region.VII,VII,170,2015-03-01,VII,32.08706827309237,83
363,Apr,2015,Region.VII,14.370360999999999,Region.VII,VII,171,2015-04-01,VII,35.22222222222222,6
364,May,2015,Region.VII,57.775468000000004,Region.VII,VII,172,2015-05-01,VII,47.86111111111111,6
365,Jun,2015,Region.VII,75.986501,Region.VII,VII,173,2015-06-01,VII,33.50839734299516,138
366,Jul,2015,Region.VII,1.819266,Region.VII,VII,174,2015-07-01,VII,38.41758628318584,226
367,Aug,2015,Region.VII,11.613897999999999,Region.VII,VII,175,2015-08-01,VII,37.86836075680272,224
368,Sep,2015,Region.VII,17.788376,Region.VII,VII,176,2015-09-01,VII,38.874193963443965,231
369,Oct,2015,Region.VII,8.875811,Region.VII,VII,177,2015-10-01,VII,37.37127838403878,216
370,Nov,2015,Region.VII,46.731239,Region.VII,VII,178,2015-11-01,VII,34.964657894736845,209
371,Dec,2015,Region.VII,13.690434,Region.VII,VII,179,2015-12-01,VII,32.74837087912087,182
372,Jan,2016,Region.VII,16.499137,Region.VII,VII,180,2016-01-01,VII,34.718578034682075,173
373,Feb,2016,Region.VII,49.82305,Region.VII,VII,181,2016-02-01,VII,33.96089994331068,168
374,Mar,2016,Region.VII,72.835004,Region.VII,VII,182,2016-03-01,VII,29.830185463659163,133
375,Apr,2016,Region.VII,0.018091,Region.VII,VII,183,2016-04-01,VII,30.4175,6
376,May,2016,Region.VII,8.937032,Region.VII,VII,184,2016-05-01,VII,33.177,2
377,Jun,2016,Region.VII,8.539027,Region.VII,VII,185,2016-06-01,VII,29.27458333333333,8
378,Jul,2016,Region.VII,7.3631009999999995,Region.VII,VII,186,2016-07-01,VII,34.845535714285724,14
379,Aug,2016,Region.VII,34.680751,Region.VII,VII,187,2016-08-01,VII,,0
380,Sep,2016,Region.VII,10.293869,Region.VII,VII,188,2016-09-01,VII,66.4025,1
381,Oct,2016,Region.VII,9.389311,Region.VII,VII,189,2016-10-01,VII,68.69,1
382,Nov,2016,Region.VII,32.093715,Region.VII,VII,190,2016-11-01,VII,96.34,1
383,Dec,2016,Region.VII,54.562934,Region.VII,VII,191,2016-12-01,VII,,0
384,Jan,2013,Region.VIII,9.296895,Region.VIII,VIII,96,2013-01-01,VIII,39.85,3
385,Feb,2013,Region.VIII,2.503551,Region.VIII,VIII,97,2013-02-01,VIII,0.0,1
386,Mar,2013,Region.VIII,12.152068,Region.VIII,VIII,98,2013-03-01,VIII,41.78,3
387,Apr,2013,Region.VIII,0.829829,Region.VIII,VIII,99,2013-04-01,VIII,,0
388,May,2013,Region.VIII,0.956413,Region.VIII,VIII,100,2013-05-01,VIII,,0
389,Jun,2013,Region.VIII,36.217101,Region.VIII,VIII,101,2013-06-01,VIII,16.67,1
390,Jul,2013,Region.VIII,1.5893329999999999,Region.VIII,VIII,102,2013-07-01,VIII,,0
391,Aug,2013,Region.VIII,3.375574,Region.VIII,VIII,103,2013-08-01,VIII,,0
392,Sep,2013,Region.VIII,6.160423000000001,Region.VIII,VIII,104,2013-09-01,VIII,75.0,1
393,Oct,2013,Region.VIII,8.171702999999999,Region.VIII,VIII,105,2013-10-01,VIII,38.534234693877565,98
394,Nov,2013,Region.VIII,2.306643,Region.VIII,VIII,106,2013-11-01,VIII,36.68251173708921,71
395,Dec,2013,Region.VIII,12.644339,Region.VIII,VIII,107,2013-12-01,VIII,56.63337301587301,63
396,Jan,2014,Region.VIII,0.9685969999999999,Region.VIII,VIII,108,2014-01-01,VIII,55.99582993197279,49
397,Feb,2014,Region.VIII,1.90952,Region.VIII,VIII,109,2014-02-01,VIII,58.897619047619045,63
398,Mar,2014,Region.VIII,27.148396999999996,Region.VIII,VIII,110,2014-03-01,VIII,55.409375,28
399,Apr,2014,Region.VIII,0.982434,Region.VIII,VIII,111,2014-04-01,VIII,83.33,1
400,May,2014,Region.VIII,3.6806699999999997,Region.VIII,VIII,112,2014-05-01,VIII,,0
401,Jun,2014,Region.VIII,1.923357,Region.VIII,VIII,113,2014-06-01,VIII,44.18433333333334,5
402,Jul,2014,Region.VIII,4.0681080000000005,Region.VIII,VIII,114,2014-07-01,VIII,38.63097701149425,29
403,Aug,2014,Region.VIII,2.1309139999999998,Region.VIII,VIII,115,2014-08-01,VIII,45.47180107526882,31
404,Sep,2014,Region.VIII,7.9840089999999995,Region.VIII,VIII,116,2014-09-01,VIII,43.50864492753623,46
405,Oct,2014,Region.VIII,0.193719,Region.VIII,VIII,117,2014-10-01,VIII,37.904175264550254,54
406,Nov,2014,Region.VIII,2.698235,Region.VIII,VIII,118,2014-11-01,VIII,34.68559523809523,35
407,Dec,2014,Region.VIII,9.796669,Region.VIII,VIII,119,2014-12-01,VIII,28.72233333333333,10
408,Jan,2015,Region.VIII,0.599171,Region.VIII,VIII,120,2015-01-01,VIII,32.8719696969697,11
409,Feb,2015,Region.VIII,4.030787999999999,Region.VIII,VIII,121,2015-02-01,VIII,27.48708333333333,8
410,Mar,2015,Region.VIII,2.0426290000000003,Region.VIII,VIII,122,2015-03-01,VIII,34.61666666666666,5
411,Apr,2015,Region.VIII,2.560095,Region.VIII,VIII,123,2015-04-01,VIII,,0
412,May,2015,Region.VIII,4.275903,Region.VIII,VIII,124,2015-05-01,VIII,,0
413,Jun,2015,Region.VIII,5.0248669999999995,Region.VIII,VIII,125,2015-06-01,VIII,32.03266216216216,37
414,Jul,2015,Region.VIII,0.0,Region.VIII,VIII,126,2015-07-01,VIII,38.28088283208021,38
415,Aug,2015,Region.VIII,2.137952,Region.VIII,VIII,127,2015-08-01,VIII,40.1793431372549,34
416,Sep,2015,Region.VIII,5.5968029999999995,Region.VIII,VIII,128,2015-09-01,VIII,33.92570930232558,43
417,Oct,2015,Region.VIII,0.531084,Region.VIII,VIII,129,2015-10-01,VIII,34.197074074074074,36
418,Nov,2015,Region.VIII,3.7720550000000004,Region.VIII,VIII,130,2015-11-01,VIII,33.55466111111111,30
419,Dec,2015,Region.VIII,0.544701,Region.VIII,VIII,131,2015-12-01,VIII,35.24006790123457,27
420,Jan,2016,Region.VIII,2.547166,Region.VIII,VIII,132,2016-01-01,VIII,27.00888505747126,29
421,Feb,2016,Region.VIII,5.737826999999999,Region.VIII,VIII,133,2016-02-01,VIII,23.04521111111111,30
422,Mar,2016,Region.VIII,4.12909,Region.VIII,VIII,134,2016-03-01,VIII,16.312423611111107,24
423,Apr,2016,Region.VIII,0.0,Region.VIII,VIII,135,2016-04-01,VIII,,0
424,May,2016,Region.VIII,2.681228,Region.VIII,VIII,136,2016-05-01,VIII,,0
425,Jun,2016,Region.VIII,2.3728860000000003,Region.VIII,VIII,137,2016-06-01,VIII,31.495,3
426,Jul,2016,Region.VIII,0.160874,Region.VIII,VIII,138,2016-07-01,VIII,29.163611111111113,3
427,Aug,2016,Region.VIII,1.474675,Region.VIII,VIII,139,2016-08-01,VIII,31.04,1
428,Sep,2016,Region.VIII,1.9975150000000002,Region.VIII,VIII,140,2016-09-01,VIII,30.0,1
429,Oct,2016,Region.VIII,0.6569010000000001,Region.VIII,VIII,141,2016-10-01,VIII,27.9025,2
430,Nov,2016,Region.VIII,2.091357,Region.VIII,VIII,142,2016-11-01,VIII,26.19,1
431,Dec,2016,Region.VIII,2.667821,Region.VIII,VIII,143,2016-12-01,VIII,10.715,1
432,Jan,2013,Region.IX,20.516691,Region.IX,IX,576,2013-01-01,IX,,0
433,Feb,2013,Region.IX,21.511904,Region.IX,IX,577,2013-02-01,IX,65.0,2
434,Mar,2013,Region.IX,17.818134,Region.IX,IX,578,2013-03-01,IX,,0
435,Apr,2013,Region.IX,2.698557,Region.IX,IX,579,2013-04-01,IX,,0
436,May,2013,Region.IX,2.9856380000000002,Region.IX,IX,580,2013-05-01,IX,,0
437,Jun,2013,Region.IX,18.047798999999998,Region.IX,IX,581,2013-06-01,IX,47.97607142857142,28
438,Jul,2013,Region.IX,4.6124279999999995,Region.IX,IX,582,2013-07-01,IX,63.48,3
439,Aug,2013,Region.IX,9.875572,Region.IX,IX,583,2013-08-01,IX,36.394285714285715,7
440,Sep,2013,Region.IX,7.598066,Region.IX,IX,584,2013-09-01,IX,50.76360784313726,255
441,Oct,2013,Region.IX,17.741579,Region.IX,IX,585,2013-10-01,IX,46.77064356435646,101
442,Nov,2013,Region.IX,15.540628,Region.IX,IX,586,2013-11-01,IX,62.06375,2
443,Dec,2013,Region.IX,21.205685,Region.IX,IX,587,2013-12-01,IX,75.99875,4
444,Jan,2014,Region.IX,1.9958470000000001,Region.IX,IX,588,2014-01-01,IX,41.076875,8
445,Feb,2014,Region.IX,1.788731,Region.IX,IX,589,2014-02-01,IX,37.43416666666667,3
446,Mar,2014,Region.IX,11.108958,Region.IX,IX,590,2014-03-01,IX,22.864444444444448,3
447,Apr,2014,Region.IX,4.029351,Region.IX,IX,591,2014-04-01,IX,,0
448,May,2014,Region.IX,7.249066,Region.IX,IX,592,2014-05-01,IX,,0
449,Jun,2014,Region.IX,4.142323,Region.IX,IX,593,2014-06-01,IX,45.84119696969697,55
450,Jul,2014,Region.IX,11.429047,Region.IX,IX,594,2014-07-01,IX,42.592317049808415,174
451,Aug,2014,Region.IX,13.048319000000001,Region.IX,IX,595,2014-08-01,IX,43.79610638297873,141
452,Sep,2014,Region.IX,13.443722,Region.IX,IX,596,2014-09-01,IX,45.878575064508546,203
453,Oct,2014,Region.IX,1.1862110000000001,Region.IX,IX,597,2014-10-01,IX,38.57754420289857,230
454,Nov,2014,Region.IX,2.2217919999999998,Region.IX,IX,598,2014-11-01,IX,42.19965087719297,190
455,Dec,2014,Region.IX,4.895473,Region.IX,IX,599,2014-12-01,IX,43.88775568181816,88
456,Jan,2015,Region.IX,2.353304,Region.IX,IX,600,2015-01-01,IX,45.951805555555545,72
457,Feb,2015,Region.IX,9.227916,Region.IX,IX,601,2015-02-01,IX,40.619490740740744,72
458,Mar,2015,Region.IX,3.650401,Region.IX,IX,602,2015-03-01,IX,40.99847826086956,46
459,Apr,2015,Region.IX,11.840639,Region.IX,IX,603,2015-04-01,IX,,0
460,May,2015,Region.IX,11.155031,Region.IX,IX,604,2015-05-01,IX,,0
461,Jun,2015,Region.IX,11.062381,Region.IX,IX,605,2015-06-01,IX,40.59478070175439,19
462,Jul,2015,Region.IX,1.408276,Region.IX,IX,606,2015-07-01,IX,45.48445081967213,61
463,Aug,2015,Region.IX,2.5386029999999997,Region.IX,IX,607,2015-08-01,IX,45.34901515151516,66
464,Sep,2015,Region.IX,2.038295,Region.IX,IX,608,2015-09-01,IX,50.76333636363636,55
465,Oct,2015,Region.IX,2.3162439999999997,Region.IX,IX,609,2015-10-01,IX,44.76791489361701,47
466,Nov,2015,Region.IX,11.080911,Region.IX,IX,610,2015-11-01,IX,39.8075968992248,43
467,Dec,2015,Region.IX,3.7615800000000004,Region.IX,IX,611,2015-12-01,IX,41.350142857142856,35
468,Jan,2016,Region.IX,8.975216,Region.IX,IX,612,2016-01-01,IX,38.271953125,32
469,Feb,2016,Region.IX,9.175882000000001,Region.IX,IX,613,2016-02-01,IX,33.52254385964911,38
470,Mar,2016,Region.IX,10.288663,Region.IX,IX,614,2016-03-01,IX,22.469147058823534,34
471,Apr,2016,Region.IX,1.8242310000000002,Region.IX,IX,615,2016-04-01,IX,76.92,1
472,May,2016,Region.IX,3.0099810000000002,Region.IX,IX,616,2016-05-01,IX,,0
473,Jun,2016,Region.IX,0.693208,Region.IX,IX,617,2016-06-01,IX,13.51,2
474,Jul,2016,Region.IX,1.076296,Region.IX,IX,618,2016-07-01,IX,28.86875,2
475,Aug,2016,Region.IX,8.13607,Region.IX,IX,619,2016-08-01,IX,12.915,1
476,Sep,2016,Region.IX,3.721431,Region.IX,IX,620,2016-09-01,IX,3.5725,1
477,Oct,2016,Region.IX,4.797727,Region.IX,IX,621,2016-10-01,IX,,0
478,Nov,2016,Region.IX,5.928751,Region.IX,IX,622,2016-11-01,IX,36.31,2
479,Dec,2016,Region.IX,7.771224,Region.IX,IX,623,2016-12-01,IX,23.33,1
480,Jan,2013,Region.X,27.110255,Region.X,X,768,2013-01-01,X,,0
481,Feb,2013,Region.X,19.4266,Region.X,X,769,2013-02-01,X,36.0,1
482,Mar,2013,Region.X,42.586296999999995,Region.X,X,770,2013-03-01,X,,0
483,Apr,2013,Region.X,1.630965,Region.X,X,771,2013-04-01,X,,0
484,May,2013,Region.X,6.831929,Region.X,X,772,2013-05-01,X,,0
485,Jun,2013,Region.X,22.181117999999998,Region.X,X,773,2013-06-01,X,,0
486,Jul,2013,Region.X,4.711675,Region.X,X,774,2013-07-01,X,,0
487,Aug,2013,Region.X,28.233809,Region.X,X,775,2013-08-01,X,22.0,1
488,Sep,2013,Region.X,6.922538,Region.X,X,776,2013-09-01,X,,0
489,Oct,2013,Region.X,29.339240000000004,Region.X,X,777,2013-10-01,X,,0
490,Nov,2013,Region.X,18.611117999999998,Region.X,X,778,2013-11-01,X,,0
491,Dec,2013,Region.X,58.09858199999999,Region.X,X,779,2013-12-01,X,,0
492,Jan,2014,Region.X,1.247983,Region.X,X,780,2014-01-01,X,24.0,1
493,Feb,2014,Region.X,4.902792,Region.X,X,781,2014-02-01,X,20.0,1
494,Mar,2014,Region.X,14.940144,Region.X,X,782,2014-03-01,X,,0
495,Apr,2014,Region.X,4.849307,Region.X,X,783,2014-04-01,X,,0
496,May,2014,Region.X,16.241612,Region.X,X,784,2014-05-01,X,18.0,1
497,Jun,2014,Region.X,12.283722000000001,Region.X,X,785,2014-06-01,X,,0
498,Jul,2014,Region.X,28.650133,Region.X,X,786,2014-07-01,X,55.56,1
499,Aug,2014,Region.X,19.111974,Region.X,X,787,2014-08-01,X,31.352222222222228,6
500,Sep,2014,Region.X,41.967898999999996,Region.X,X,788,2014-09-01,X,28.53302083333334,8
501,Oct,2014,Region.X,1.158842,Region.X,X,789,2014-10-01,X,33.48209523809523,7
502,Nov,2014,Region.X,2.192885,Region.X,X,790,2014-11-01,X,35.01166666666667,6
503,Dec,2014,Region.X,8.646742,Region.X,X,791,2014-12-01,X,57.05083333333333,4
504,Jan,2015,Region.X,2.351086,Region.X,X,792,2015-01-01,X,29.6175,4
505,Feb,2015,Region.X,7.6498029999999995,Region.X,X,793,2015-02-01,X,,0
506,Mar,2015,Region.X,7.491894,Region.X,X,794,2015-03-01,X,52.0,2
507,Apr,2015,Region.X,27.581401,Region.X,X,795,2015-04-01,X,,0
508,May,2015,Region.X,19.528053,Region.X,X,796,2015-05-01,X,23.33333333333333,1
509,Jun,2015,Region.X,26.686584000000003,Region.X,X,797,2015-06-01,X,21.86,2
510,Jul,2015,Region.X,0.9299069999999999,Region.X,X,798,2015-07-01,X,48.92727272727272,22
511,Aug,2015,Region.X,6.175987999999999,Region.X,X,799,2015-08-01,X,53.429537037037036,27
512,Sep,2015,Region.X,5.01799,Region.X,X,800,2015-09-01,X,52.17483333333333,26
513,Oct,2015,Region.X,2.000178,Region.X,X,801,2015-10-01,X,49.12757575757576,22
514,Nov,2015,Region.X,9.228891,Region.X,X,802,2015-11-01,X,54.37002898550724,23
515,Dec,2015,Region.X,5.403989,Region.X,X,803,2015-12-01,X,53.48810606060606,22
516,Jan,2016,Region.X,25.356848,Region.X,X,804,2016-01-01,X,52.20871212121212,22
517,Feb,2016,Region.X,20.4513,Region.X,X,805,2016-02-01,X,49.201597222222226,24
518,Mar,2016,Region.X,19.743105,Region.X,X,806,2016-03-01,X,44.943592592592594,18
519,Apr,2016,Region.X,0.27636900000000003,Region.X,X,807,2016-04-01,X,,0
520,May,2016,Region.X,2.3318630000000002,Region.X,X,808,2016-05-01,X,,0
521,Jun,2016,Region.X,1.8482169999999998,Region.X,X,809,2016-06-01,X,35.89624999999999,2
522,Jul,2016,Region.X,1.330025,Region.X,X,810,2016-07-01,X,60.04875,2
523,Aug,2016,Region.X,5.510105,Region.X,X,811,2016-08-01,X,58.67399999999999,2
524,Sep,2016,Region.X,6.4601239999999995,Region.X,X,812,2016-09-01,X,71.55250000000002,4
525,Oct,2016,Region.X,12.954792999999999,Region.X,X,813,2016-10-01,X,34.2075,2
526,Nov,2016,Region.X,18.948544000000002,Region.X,X,814,2016-11-01,X,48.773402777777775,12
527,Dec,2016,Region.X,15.442113,Region.X,X,815,2016-12-01,X,49.34357142857142,7
528,Jan,2013,Region.XI,26.292546,Region.XI,XI,384,2013-01-01,XI,60.38020833333334,8
529,Feb,2013,Region.XI,9.829314,Region.XI,XI,385,2013-02-01,XI,45.695,4
530,Mar,2013,Region.XI,37.406965,Region.XI,XI,386,2013-03-01,XI,40.611999999999995,5
531,Apr,2013,Region.XI,6.199762000000001,Region.XI,XI,387,2013-04-01,XI,,0
532,May,2013,Region.XI,6.824948,Region.XI,XI,388,2013-05-01,XI,,0
533,Jun,2013,Region.XI,30.877244,Region.XI,XI,389,2013-06-01,XI,0.0,1
534,Jul,2013,Region.XI,9.759849,Region.XI,XI,390,2013-07-01,XI,70.83500000000002,2
535,Aug,2013,Region.XI,20.318545999999998,Region.XI,XI,391,2013-08-01,XI,71.4691666666667,3
536,Sep,2013,Region.XI,19.693360000000002,Region.XI,XI,392,2013-09-01,XI,77.05666666666667,3
537,Oct,2013,Region.XI,24.104395,Region.XI,XI,393,2013-10-01,XI,51.970648148148136,9
538,Nov,2013,Region.XI,8.787336999999999,Region.XI,XI,394,2013-11-01,XI,52.15115348399247,177
539,Dec,2013,Region.XI,37.910587,Region.XI,XI,395,2013-12-01,XI,51.976937022900756,262
540,Jan,2014,Region.XI,5.689311,Region.XI,XI,396,2014-01-01,XI,52.285186396677105,321
541,Feb,2014,Region.XI,7.790769,Region.XI,XI,397,2014-02-01,XI,53.0048671171171,296
542,Mar,2014,Region.XI,18.17846,Region.XI,XI,398,2014-03-01,XI,51.44390046296297,216
543,Apr,2014,Region.XI,7.466153,Region.XI,XI,399,2014-04-01,XI,41.80714285714287,7
544,May,2014,Region.XI,15.068987,Region.XI,XI,400,2014-05-01,XI,,0
545,Jun,2014,Region.XI,17.221698999999997,Region.XI,XI,401,2014-06-01,XI,46.863611111111105,30
546,Jul,2014,Region.XI,15.974492999999999,Region.XI,XI,402,2014-07-01,XI,46.41778013392857,64
547,Aug,2014,Region.XI,8.029959,Region.XI,XI,403,2014-08-01,XI,48.73538809523809,70
548,Sep,2014,Region.XI,18.127205,Region.XI,XI,404,2014-09-01,XI,45.525702702702716,111
549,Oct,2014,Region.XI,5.330526,Region.XI,XI,405,2014-10-01,XI,42.96263102725368,159
550,Nov,2014,Region.XI,7.141538000000001,Region.XI,XI,406,2014-11-01,XI,44.605637626262606,132
551,Dec,2014,Region.XI,7.978704,Region.XI,XI,407,2014-12-01,XI,42.53155737704917,61
552,Jan,2015,Region.XI,6.624678,Region.XI,XI,408,2015-01-01,XI,44.58648648648647,37
553,Feb,2015,Region.XI,15.233395999999999,Region.XI,XI,409,2015-02-01,XI,42.67401960784314,34
554,Mar,2015,Region.XI,10.458248,Region.XI,XI,410,2015-03-01,XI,40.421969696969704,22
555,Apr,2015,Region.XI,12.257335000000001,Region.XI,XI,411,2015-04-01,XI,10.144444444444442,3
556,May,2015,Region.XI,7.801651,Region.XI,XI,412,2015-05-01,XI,52.0,1
557,Jun,2015,Region.XI,14.409514999999999,Region.XI,XI,413,2015-06-01,XI,40.677291666666655,16
558,Jul,2015,Region.XI,4.90966,Region.XI,XI,414,2015-07-01,XI,49.97221568627451,51
559,Aug,2015,Region.XI,4.707893,Region.XI,XI,415,2015-08-01,XI,52.69269551282052,52
560,Sep,2015,Region.XI,4.052151,Region.XI,XI,416,2015-09-01,XI,55.463962962962974,45
561,Oct,2015,Region.XI,6.2884,Region.XI,XI,417,2015-10-01,XI,51.541319444444454,36
562,Nov,2015,Region.XI,11.685663,Region.XI,XI,418,2015-11-01,XI,52.39272522522522,37
563,Dec,2015,Region.XI,7.162723,Region.XI,XI,419,2015-12-01,XI,54.85069047619047,35
564,Jan,2016,Region.XI,9.683444,Region.XI,XI,420,2016-01-01,XI,53.69407657657658,37
565,Feb,2016,Region.XI,9.20341,Region.XI,XI,421,2016-02-01,XI,55.479337837837846,37
566,Mar,2016,Region.XI,13.391293,Region.XI,XI,422,2016-03-01,XI,49.485725490196096,34
567,Apr,2016,Region.XI,2.996074,Region.XI,XI,423,2016-04-01,XI,35.771333333333345,5
568,May,2016,Region.XI,8.590953,Region.XI,XI,424,2016-05-01,XI,28.57,1
569,Jun,2016,Region.XI,1.787713,Region.XI,XI,425,2016-06-01,XI,34.377777777777766,9
570,Jul,2016,Region.XI,5.677643,Region.XI,XI,426,2016-07-01,XI,46.647638888888906,12
571,Aug,2016,Region.XI,11.520816,Region.XI,XI,427,2016-08-01,XI,49.341,2
572,Sep,2016,Region.XI,9.832419999999999,Region.XI,XI,428,2016-09-01,XI,69.71277777777777,3
573,Oct,2016,Region.XI,7.20051,Region.XI,XI,429,2016-10-01,XI,,0
574,Nov,2016,Region.XI,12.8616,Region.XI,XI,430,2016-11-01,XI,78.89750000000002,2
575,Dec,2016,Region.XI,11.553921,Region.XI,XI,431,2016-12-01,XI,71.10249999999998,2
576,Jan,2013,Region.XII,16.377741,Region.XII,XII,192,2013-01-01,XII,,0
577,Feb,2013,Region.XII,24.604004,Region.XII,XII,193,2013-02-01,XII,65.7201886792453,53
578,Mar,2013,Region.XII,56.518163,Region.XII,XII,194,2013-03-01,XII,34.52,2
579,Apr,2013,Region.XII,0.953499,Region.XII,XII,195,2013-04-01,XII,,0
580,May,2013,Region.XII,6.543618,Region.XII,XII,196,2013-05-01,XII,,0
581,Jun,2013,Region.XII,35.859027000000005,Region.XII,XII,197,2013-06-01,XII,83.33333333333333,1
582,Jul,2013,Region.XII,6.824058999999999,Region.XII,XII,198,2013-07-01,XII,41.145833333333336,2
583,Aug,2013,Region.XII,7.9271259999999995,Region.XII,XII,199,2013-08-01,XII,43.09083333333334,3
584,Sep,2013,Region.XII,27.913204999999998,Region.XII,XII,200,2013-09-01,XII,46.295,2
585,Oct,2013,Region.XII,17.088191000000002,Region.XII,XII,201,2013-10-01,XII,,0
586,Nov,2013,Region.XII,23.089623,Region.XII,XII,202,2013-11-01,XII,,0
587,Dec,2013,Region.XII,52.909825,Region.XII,XII,203,2013-12-01,XII,,0
588,Jan,2014,Region.XII,0.202326,Region.XII,XII,204,2014-01-01,XII,56.37613636363637,22
589,Feb,2014,Region.XII,5.150112,Region.XII,XII,205,2014-02-01,XII,58.386005787037064,144
590,Mar,2014,Region.XII,17.400021,Region.XII,XII,206,2014-03-01,XII,53.02174242424241,88
591,Apr,2014,Region.XII,4.837427,Region.XII,XII,207,2014-04-01,XII,41.67,1
592,May,2014,Region.XII,7.265337,Region.XII,XII,208,2014-05-01,XII,,0
593,Jun,2014,Region.XII,20.545268,Region.XII,XII,209,2014-06-01,XII,53.37259259259259,9
594,Jul,2014,Region.XII,10.999168,Region.XII,XII,210,2014-07-01,XII,45.70481944444444,12
595,Aug,2014,Region.XII,16.075707,Region.XII,XII,211,2014-08-01,XII,51.68145833333333,12
596,Sep,2014,Region.XII,41.881446000000004,Region.XII,XII,212,2014-09-01,XII,37.23969819819821,37
597,Oct,2014,Region.XII,0.073573,Region.XII,XII,213,2014-10-01,XII,44.3415780141844,47
598,Nov,2014,Region.XII,3.549899,Region.XII,XII,214,2014-11-01,XII,41.57256172839506,27
599,Dec,2014,Region.XII,6.180134,Region.XII,XII,215,2014-12-01,XII,25.692499999999995,6
600,Jan,2015,Region.XII,2.75141,Region.XII,XII,216,2015-01-01,XII,31.03416666666667,4
601,Feb,2015,Region.XII,7.946507,Region.XII,XII,217,2015-02-01,XII,33.875,4
602,Mar,2015,Region.XII,11.114249000000001,Region.XII,XII,218,2015-03-01,XII,50.0,1
603,Apr,2015,Region.XII,9.55753,Region.XII,XII,219,2015-04-01,XII,,0
604,May,2015,Region.XII,16.88859,Region.XII,XII,220,2015-05-01,XII,,0
605,Jun,2015,Region.XII,35.279594,Region.XII,XII,221,2015-06-01,XII,,0
606,Jul,2015,Region.XII,0.072406,Region.XII,XII,222,2015-07-01,XII,,0
607,Aug,2015,Region.XII,2.35318,Region.XII,XII,223,2015-08-01,XII,45.918,5
608,Sep,2015,Region.XII,3.5297699999999996,Region.XII,XII,224,2015-09-01,XII,34.2,8
609,Oct,2015,Region.XII,1.7377330000000002,Region.XII,XII,225,2015-10-01,XII,30.574685185185185,9
610,Nov,2015,Region.XII,6.082064,Region.XII,XII,226,2015-11-01,XII,26.45444444444444,9
611,Dec,2015,Region.XII,8.923981,Region.XII,XII,227,2015-12-01,XII,31.70333333333333,8
612,Jan,2016,Region.XII,8.357762,Region.XII,XII,228,2016-01-01,XII,41.730833333333344,8
613,Feb,2016,Region.XII,15.325534,Region.XII,XII,229,2016-02-01,XII,22.226388888888888,6
614,Mar,2016,Region.XII,32.540029,Region.XII,XII,230,2016-03-01,XII,23.132,5
615,Apr,2016,Region.XII,0.01782,Region.XII,XII,231,2016-04-01,XII,50.0,1
616,May,2016,Region.XII,2.174087,Region.XII,XII,232,2016-05-01,XII,50.0,1
617,Jun,2016,Region.XII,2.102806,Region.XII,XII,233,2016-06-01,XII,25.96666666666667,3
618,Jul,2016,Region.XII,1.6216549999999998,Region.XII,XII,234,2016-07-01,XII,50.0,1
619,Aug,2016,Region.XII,6.272777,Region.XII,XII,235,2016-08-01,XII,,0
620,Sep,2016,Region.XII,9.925956,Region.XII,XII,236,2016-09-01,XII,,0
621,Oct,2016,Region.XII,5.7025239999999995,Region.XII,XII,237,2016-10-01,XII,,0
622,Nov,2016,Region.XII,17.927311,Region.XII,XII,238,2016-11-01,XII,,0
623,Dec,2016,Region.XII,26.445456,Region.XII,XII,239,2016-12-01,XII,9.8,1
624,Jan,2013,ARMM,4.9665099999999995,ARMM,ARMM,528,2013-01-01,ARMM,0.0,1
625,Feb,2013,ARMM,3.393407,ARMM,ARMM,529,2013-02-01,ARMM,75.0,2
626,Mar,2013,ARMM,9.416143,ARMM,ARMM,530,2013-03-01,ARMM,10.715,1
627,Apr,2013,ARMM,0.314621,ARMM,ARMM,531,2013-04-01,ARMM,,0
628,May,2013,ARMM,0.809024,ARMM,ARMM,532,2013-05-01,ARMM,,0
629,Jun,2013,ARMM,1.056226,ARMM,ARMM,533,2013-06-01,ARMM,,0
630,Jul,2013,ARMM,0.651714,ARMM,ARMM,534,2013-07-01,ARMM,,0
631,Aug,2013,ARMM,6.247465,ARMM,ARMM,535,2013-08-01,ARMM,27.27,1
632,Sep,2013,ARMM,0.741606,ARMM,ARMM,536,2013-09-01,ARMM,,0
633,Oct,2013,ARMM,5.595751,ARMM,ARMM,537,2013-10-01,ARMM,49.67249999999999,12
634,Nov,2013,ARMM,2.022561,ARMM,ARMM,538,2013-11-01,ARMM,40.44579497354499,84
635,Dec,2013,ARMM,7.955405000000001,ARMM,ARMM,539,2013-12-01,ARMM,50.33362380952382,75
636,Jan,2014,ARMM,0.397961,ARMM,ARMM,540,2014-01-01,ARMM,53.01468421052631,57
637,Feb,2014,ARMM,1.2381,ARMM,ARMM,541,2014-02-01,ARMM,45.922468468468466,37
638,Mar,2014,ARMM,0.729595,ARMM,ARMM,542,2014-03-01,ARMM,39.31824074074074,9
639,Apr,2014,ARMM,0.176871,ARMM,ARMM,543,2014-04-01,ARMM,,0
640,May,2014,ARMM,5.858868,ARMM,ARMM,544,2014-05-01,ARMM,,0
641,Jun,2014,ARMM,0.46428800000000003,ARMM,ARMM,545,2014-06-01,ARMM,,0
642,Jul,2014,ARMM,3.869064,ARMM,ARMM,546,2014-07-01,ARMM,17.112000000000002,5
643,Aug,2014,ARMM,1.8350419999999998,ARMM,ARMM,547,2014-08-01,ARMM,24.52630952380952,7
644,Sep,2014,ARMM,5.549343,ARMM,ARMM,548,2014-09-01,ARMM,37.51694444444445,9
645,Oct,2014,ARMM,0.110545,ARMM,ARMM,549,2014-10-01,ARMM,26.80483333333333,13
646,Nov,2014,ARMM,0.729595,ARMM,ARMM,550,2014-11-01,ARMM,23.919523809523806,7
647,Dec,2014,ARMM,0.795922,ARMM,ARMM,551,2014-12-01,ARMM,24.11,4
648,Jan,2015,ARMM,0.413404,ARMM,ARMM,552,2015-01-01,ARMM,59.66666666666666,3
649,Feb,2015,ARMM,3.6988760000000003,ARMM,ARMM,553,2015-02-01,ARMM,43.70833333333333,2
650,Mar,2015,ARMM,0.369888,ARMM,ARMM,554,2015-03-01,ARMM,9.0,2
651,Apr,2015,ARMM,2.502181,ARMM,ARMM,555,2015-04-01,ARMM,,0
652,May,2015,ARMM,2.045261,ARMM,ARMM,556,2015-05-01,ARMM,,0
653,Jun,2015,ARMM,3.7206339999999996,ARMM,ARMM,557,2015-06-01,ARMM,35.11844696969697,11
654,Jul,2015,ARMM,0.065274,ARMM,ARMM,558,2015-07-01,ARMM,39.25908333333333,14
655,Aug,2015,ARMM,0.674501,ARMM,ARMM,559,2015-08-01,ARMM,35.15083333333333,15
656,Sep,2015,ARMM,0.56571,ARMM,ARMM,560,2015-09-01,ARMM,41.7121282051282,13
657,Oct,2015,ARMM,0.413404,ARMM,ARMM,561,2015-10-01,ARMM,38.583090909090906,11
658,Nov,2015,ARMM,3.6988760000000003,ARMM,ARMM,562,2015-11-01,ARMM,41.35973333333333,10
659,Dec,2015,ARMM,0.5221939999999999,ARMM,ARMM,563,2015-12-01,ARMM,39.496583333333334,10
660,Jan,2016,ARMM,3.491515,ARMM,ARMM,564,2016-01-01,ARMM,37.48618181818183,11
661,Feb,2016,ARMM,1.90641,ARMM,ARMM,565,2016-02-01,ARMM,25.205333333333336,10
662,Mar,2016,ARMM,4.155545,ARMM,ARMM,566,2016-03-01,ARMM,27.915625,8
663,Apr,2016,ARMM,0.19278299999999998,ARMM,ARMM,567,2016-04-01,ARMM,,0
664,May,2016,ARMM,0.23562399999999997,ARMM,ARMM,568,2016-05-01,ARMM,,0
665,Jun,2016,ARMM,0.38556599999999996,ARMM,ARMM,569,2016-06-01,ARMM,41.18,1
666,Jul,2016,ARMM,0.299885,ARMM,ARMM,570,2016-07-01,ARMM,51.52,1
667,Aug,2016,ARMM,2.313396,ARMM,ARMM,571,2016-08-01,ARMM,,0
668,Sep,2016,ARMM,0.535508,ARMM,ARMM,572,2016-09-01,ARMM,,0
669,Oct,2016,ARMM,2.313396,ARMM,ARMM,573,2016-10-01,ARMM,,0
670,Nov,2016,ARMM,2.270556,ARMM,ARMM,574,2016-11-01,ARMM,,0
671,Dec,2016,ARMM,3.427254,ARMM,ARMM,575,2016-12-01,ARMM,,0
672,Jan,2013,CAR,15.59418,CAR,CAR,0,2013-01-01,CAR,0.0,2
673,Feb,2013,CAR,80.586381,CAR,CAR,1,2013-02-01,CAR,,0
674,Mar,2013,CAR,124.161258,CAR,CAR,2,2013-03-01,CAR,20.0,2
675,Apr,2013,CAR,5.7244459999999995,CAR,CAR,3,2013-04-01,CAR,,0
676,May,2013,CAR,23.095178,CAR,CAR,4,2013-05-01,CAR,,0
677,Jun,2013,CAR,107.826847,CAR,CAR,5,2013-06-01,CAR,,0
678,Jul,2013,CAR,74.02300699999999,CAR,CAR,6,2013-07-01,CAR,,0
679,Aug,2013,CAR,66.916799,CAR,CAR,7,2013-08-01,CAR,,0
680,Sep,2013,CAR,83.053814,CAR,CAR,8,2013-09-01,CAR,,0
681,Oct,2013,CAR,17.46943,CAR,CAR,9,2013-10-01,CAR,,0
682,Nov,2013,CAR,109.10991299999999,CAR,CAR,10,2013-11-01,CAR,,0
683,Dec,2013,CAR,114.883707,CAR,CAR,11,2013-12-01,CAR,,0
684,Jan,2014,CAR,2.57312,CAR,CAR,12,2014-01-01,CAR,31.188922705314013,69
685,Feb,2014,CAR,19.516875,CAR,CAR,13,2014-02-01,CAR,27.03583333333334,117
686,Mar,2014,CAR,51.559505,CAR,CAR,14,2014-03-01,CAR,20.47377260981912,129
687,Apr,2014,CAR,45.442276,CAR,CAR,15,2014-04-01,CAR,26.285999999999998,3
688,May,2014,CAR,44.908232,CAR,CAR,16,2014-05-01,CAR,100.0,1
689,Jun,2014,CAR,50.151571000000004,CAR,CAR,17,2014-06-01,CAR,18.26655555555556,30
690,Jul,2014,CAR,17.526348000000002,CAR,CAR,18,2014-07-01,CAR,25.14223484848485,44
691,Aug,2014,CAR,89.913563,CAR,CAR,19,2014-08-01,CAR,23.152765700483087,69
692,Sep,2014,CAR,58.404976,CAR,CAR,20,2014-09-01,CAR,28.285168699186997,82
693,Oct,2014,CAR,0.048549,CAR,CAR,21,2014-10-01,CAR,29.61253333333333,80
694,Nov,2014,CAR,7.622261999999999,CAR,CAR,22,2014-11-01,CAR,28.537166666666664,65
695,Dec,2014,CAR,20.050919,CAR,CAR,23,2014-12-01,CAR,38.04268279569892,31
696,Jan,2015,CAR,13.760357,CAR,CAR,24,2015-01-01,CAR,34.738594017094016,39
697,Feb,2015,CAR,20.927209,CAR,CAR,25,2015-02-01,CAR,31.41940789473684,38
698,Mar,2015,CAR,33.158637,CAR,CAR,26,2015-03-01,CAR,19.87045833333333,40
699,Apr,2015,CAR,12.183649,CAR,CAR,27,2015-04-01,CAR,18.0375,8
700,May,2015,CAR,72.002978,CAR,CAR,28,2015-05-01,CAR,28.16666666666667,6
701,Jun,2015,CAR,27.186259999999997,CAR,CAR,29,2015-06-01,CAR,42.3175,12
702,Jul,2015,CAR,0.0,CAR,CAR,30,2015-07-01,CAR,36.26677898550724,46
703,Aug,2015,CAR,3.057857,CAR,CAR,31,2015-08-01,CAR,41.54625,46
704,Sep,2015,CAR,8.456886,CAR,CAR,32,2015-09-01,CAR,43.4693073089701,43
705,Oct,2015,CAR,12.183649,CAR,CAR,33,2015-10-01,CAR,41.17872764227644,41
706,Nov,2015,CAR,11.036953,CAR,CAR,34,2015-11-01,CAR,30.930296747967468,41
707,Dec,2015,CAR,21.83501,CAR,CAR,35,2015-12-01,CAR,36.88428125000001,32
708,Jan,2016,CAR,14.581579000000001,CAR,CAR,36,2016-01-01,CAR,31.004817204301077,31
709,Feb,2016,CAR,44.591409999999996,CAR,CAR,37,2016-02-01,CAR,28.90264669738863,31
710,Mar,2016,CAR,10.677479,CAR,CAR,38,2016-03-01,CAR,22.957152777777768,36
711,Apr,2016,CAR,0.0,CAR,CAR,39,2016-04-01,CAR,39.19777777777778,3
712,May,2016,CAR,2.1166810000000003,CAR,CAR,40,2016-05-01,CAR,,0
713,Jun,2016,CAR,3.6218760000000003,CAR,CAR,41,2016-06-01,CAR,85.185,1
714,Jul,2016,CAR,5.973744,CAR,CAR,42,2016-07-01,CAR,34.85083333333333,3
715,Aug,2016,CAR,7.149678,CAR,CAR,43,2016-08-01,CAR,64.0025,1
716,Sep,2016,CAR,6.39708,CAR,CAR,44,2016-09-01,CAR,20.6425,1
717,Oct,2016,CAR,9.219321,CAR,CAR,45,2016-10-01,CAR,6.9,1
718,Nov,2016,CAR,34.572454,CAR,CAR,46,2016-11-01,CAR,,0
719,Dec,2016,CAR,5.597445,CAR,CAR,47,2016-12-01,CAR,,0
720,Jan,2013,CARAGA,41.986872,CARAGA,CARAGA,432,2013-01-01,CARAGA,24.89102564102564,13
721,Feb,2013,CARAGA,14.595592000000002,CARAGA,CARAGA,433,2013-02-01,CARAGA,33.916842105263164,19
722,Mar,2013,CARAGA,25.165943,CARAGA,CARAGA,434,2013-03-01,CARAGA,31.9,4
723,Apr,2013,CARAGA,1.2108450000000002,CARAGA,CARAGA,435,2013-04-01,CARAGA,,0
724,May,2013,CARAGA,5.170636,CARAGA,CARAGA,436,2013-05-01,CARAGA,87.23,1
725,Jun,2013,CARAGA,11.781196000000001,CARAGA,CARAGA,437,2013-06-01,CARAGA,46.66666666666666,3
726,Jul,2013,CARAGA,3.8288889999999998,CARAGA,CARAGA,438,2013-07-01,CARAGA,,0
727,Aug,2013,CARAGA,11.944823,CARAGA,CARAGA,439,2013-08-01,CARAGA,26.57,2
728,Sep,2013,CARAGA,10.635802,CARAGA,CARAGA,440,2013-09-01,CARAGA,15.813571428571429,49
729,Oct,2013,CARAGA,49.448296,CARAGA,CARAGA,441,2013-10-01,CARAGA,25.907629395218013,237
730,Nov,2013,CARAGA,18.424481,CARAGA,CARAGA,442,2013-11-01,CARAGA,27.314708974358968,260
731,Dec,2013,CARAGA,31.351071,CARAGA,CARAGA,443,2013-12-01,CARAGA,27.400762461059198,214
732,Jan,2014,CARAGA,1.609777,CARAGA,CARAGA,444,2014-01-01,CARAGA,22.89250253485425,263
733,Feb,2014,CARAGA,5.280067,CARAGA,CARAGA,445,2014-02-01,CARAGA,24.304184827945782,274
734,Mar,2014,CARAGA,11.719174,CARAGA,CARAGA,446,2014-03-01,CARAGA,23.43466257668712,163
735,Apr,2014,CARAGA,3.058576,CARAGA,CARAGA,447,2014-04-01,CARAGA,0.0,2
736,May,2014,CARAGA,9.94842,CARAGA,CARAGA,448,2014-05-01,CARAGA,,0
737,Jun,2014,CARAGA,8.918161999999999,CARAGA,CARAGA,449,2014-06-01,CARAGA,10.45674603174603,63
738,Jul,2014,CARAGA,23.309566,CARAGA,CARAGA,450,2014-07-01,CARAGA,17.998241590214068,109
739,Aug,2014,CARAGA,24.565191,CARAGA,CARAGA,451,2014-08-01,CARAGA,27.479735849056603,106
740,Sep,2014,CARAGA,22.762241,CARAGA,CARAGA,452,2014-09-01,CARAGA,28.663908212560386,138
741,Oct,2014,CARAGA,2.189296,CARAGA,CARAGA,453,2014-10-01,CARAGA,28.140618012422372,161
742,Nov,2014,CARAGA,6.084956,CARAGA,CARAGA,454,2014-11-01,CARAGA,25.664044077134985,121
743,Dec,2014,CARAGA,7.469364,CARAGA,CARAGA,455,2014-12-01,CARAGA,23.470055555555554,45
744,Jan,2015,CARAGA,3.168463,CARAGA,CARAGA,456,2015-01-01,CARAGA,31.71213235294117,34
745,Feb,2015,CARAGA,10.550983,CARAGA,CARAGA,457,2015-02-01,CARAGA,25.73125,24
746,Mar,2015,CARAGA,7.604311999999999,CARAGA,CARAGA,458,2015-03-01,CARAGA,18.159420289855074,23
747,Apr,2015,CARAGA,21.545551,CARAGA,CARAGA,459,2015-04-01,CARAGA,7.3,2
748,May,2015,CARAGA,28.516171000000003,CARAGA,CARAGA,460,2015-05-01,CARAGA,6.0,2
749,Jun,2015,CARAGA,19.390995999999998,CARAGA,CARAGA,461,2015-06-01,CARAGA,18.22948924731182,31
750,Jul,2015,CARAGA,3.580364,CARAGA,CARAGA,462,2015-07-01,CARAGA,31.469060283687934,47
751,Aug,2015,CARAGA,4.435849,CARAGA,CARAGA,463,2015-08-01,CARAGA,31.375860606060602,55
752,Sep,2015,CARAGA,4.404164,CARAGA,CARAGA,464,2015-09-01,CARAGA,29.49930059523809,56
753,Oct,2015,CARAGA,3.073409,CARAGA,CARAGA,465,2015-10-01,CARAGA,29.756625,48
754,Nov,2015,CARAGA,10.487614,CARAGA,CARAGA,466,2015-11-01,CARAGA,32.22248333333333,40
755,Dec,2015,CARAGA,5.069541,CARAGA,CARAGA,467,2015-12-01,CARAGA,33.973779411764696,34
756,Jan,2016,CARAGA,20.992741,CARAGA,CARAGA,468,2016-01-01,CARAGA,31.84531250000001,32
757,Feb,2016,CARAGA,31.130395,CARAGA,CARAGA,469,2016-02-01,CARAGA,32.924247474747474,33
758,Mar,2016,CARAGA,20.150536,CARAGA,CARAGA,470,2016-03-01,CARAGA,32.3797,30
759,Apr,2016,CARAGA,1.559639,CARAGA,CARAGA,471,2016-04-01,CARAGA,16.67,1
760,May,2016,CARAGA,10.293617999999999,CARAGA,CARAGA,472,2016-05-01,CARAGA,17.085,1
761,Jun,2016,CARAGA,3.36882,CARAGA,CARAGA,473,2016-06-01,CARAGA,46.566,5
762,Jul,2016,CARAGA,4.211025,CARAGA,CARAGA,474,2016-07-01,CARAGA,60.792291666666664,4
763,Aug,2016,CARAGA,10.823895,CARAGA,CARAGA,475,2016-08-01,CARAGA,,0
764,Sep,2016,CARAGA,11.229401,CARAGA,CARAGA,476,2016-09-01,CARAGA,,0
765,Oct,2016,CARAGA,14.629414,CARAGA,CARAGA,477,2016-10-01,CARAGA,,0
766,Nov,2016,CARAGA,38.304735,CARAGA,CARAGA,478,2016-11-01,CARAGA,,0
767,Dec,2016,CARAGA,15.346848000000001,CARAGA,CARAGA,479,2016-12-01,CARAGA,,0
768,Jan,2013,NCR,2.580261,NCR,NCR,624,2013-01-01,NCR,12.087685185185185,18
769,Feb,2013,NCR,12.439368,NCR,NCR,625,2013-02-01,NCR,10.643166666666668,10
770,Mar,2013,NCR,9.225589999999999,NCR,NCR,626,2013-03-01,NCR,0.0,1
771,Apr,2013,NCR,13.574419,NCR,NCR,627,2013-04-01,NCR,,0
772,May,2013,NCR,11.687066999999999,NCR,NCR,628,2013-05-01,NCR,,0
773,Jun,2013,NCR,31.504267,NCR,NCR,629,2013-06-01,NCR,30.989375,8
774,Jul,2013,NCR,37.535875,NCR,NCR,630,2013-07-01,NCR,22.86718947015425,213
775,Aug,2013,NCR,39.990753000000005,NCR,NCR,631,2013-08-01,NCR,28.33927844311377,167
776,Sep,2013,NCR,25.22849,NCR,NCR,632,2013-09-01,NCR,27.495583924349877,141
777,Oct,2013,NCR,5.800639,NCR,NCR,633,2013-10-01,NCR,23.108335978835967,126
778,Nov,2013,NCR,22.140095000000002,NCR,NCR,634,2013-11-01,NCR,20.115338541666674,128
779,Dec,2013,NCR,17.335926,NCR,NCR,635,2013-12-01,NCR,20.027286956521746,115
780,Jan,2014,NCR,12.211935,NCR,NCR,636,2014-01-01,NCR,20.917218992248053,86
781,Feb,2014,NCR,11.608155,NCR,NCR,637,2014-02-01,NCR,19.13039583333334,80
782,Mar,2014,NCR,43.712365999999996,NCR,NCR,638,2014-03-01,NCR,16.094047619047622,49
783,Apr,2014,NCR,31.636768,NCR,NCR,639,2014-04-01,NCR,,0
784,May,2014,NCR,33.149464,NCR,NCR,640,2014-05-01,NCR,,0
785,Jun,2014,NCR,24.534239000000003,NCR,NCR,641,2014-06-01,NCR,18.346342592592595,18
786,Jul,2014,NCR,6.862316000000001,NCR,NCR,642,2014-07-01,NCR,25.17629020979022,143
787,Aug,2014,NCR,37.557706,NCR,NCR,643,2014-08-01,NCR,24.30024132653061,140
788,Sep,2014,NCR,17.990044,NCR,NCR,644,2014-09-01,NCR,24.293112103174597,168
789,Oct,2014,NCR,9.115129,NCR,NCR,645,2014-10-01,NCR,20.188055238095238,175
790,Nov,2014,NCR,12.075598,NCR,NCR,646,2014-11-01,NCR,17.324745803357324,139
791,Dec,2014,NCR,27.721937,NCR,NCR,647,2014-12-01,NCR,18.505641891891887,74
792,Jan,2015,NCR,19.301873,NCR,NCR,648,2015-01-01,NCR,17.04049666666667,50
793,Feb,2015,NCR,27.026455,NCR,NCR,649,2015-02-01,NCR,15.750910852713174,43
794,Mar,2015,NCR,19.23798,NCR,NCR,650,2015-03-01,NCR,10.955128205128203,26
795,Apr,2015,NCR,8.970483,NCR,NCR,651,2015-04-01,NCR,7.667083333333332,8
796,May,2015,NCR,38.616524,NCR,NCR,652,2015-05-01,NCR,6.252083333333334,6
797,Jun,2015,NCR,14.66329,NCR,NCR,653,2015-06-01,NCR,18.334706349206343,21
798,Jul,2015,NCR,7.91626,NCR,NCR,654,2015-07-01,NCR,21.33307536231885,115
799,Aug,2015,NCR,7.277336,NCR,NCR,655,2015-08-01,NCR,22.81433705863297,147
800,Sep,2015,NCR,19.953575,NCR,NCR,656,2015-09-01,NCR,24.202394607843143,136
801,Oct,2015,NCR,11.845638000000001,NCR,NCR,657,2015-10-01,NCR,21.87747275641025,104
802,Nov,2015,NCR,15.806962,NCR,NCR,658,2015-11-01,NCR,10.253220194647199,137
803,Dec,2015,NCR,13.851857,NCR,NCR,659,2015-12-01,NCR,18.18291666666666,64
804,Jan,2016,NCR,9.196055,NCR,NCR,660,2016-01-01,NCR,6.559694616977228,161
805,Feb,2016,NCR,21.864219,NCR,NCR,661,2016-02-01,NCR,19.88191085271318,43
806,Mar,2016,NCR,13.674572,NCR,NCR,662,2016-03-01,NCR,10.72287804878049,41
807,Apr,2016,NCR,4.132564,NCR,NCR,663,2016-04-01,NCR,7.36125,4
808,May,2016,NCR,5.541535,NCR,NCR,664,2016-05-01,NCR,5.274,4
809,Jun,2016,NCR,0.05661,NCR,NCR,665,2016-06-01,NCR,3.6829166666666664,6
810,Jul,2016,NCR,7.982075,NCR,NCR,666,2016-07-01,NCR,19.078430555555556,12
811,Aug,2016,NCR,10.126983000000001,NCR,NCR,667,2016-08-01,NCR,20.40183333333333,14
812,Sep,2016,NCR,9.900541,NCR,NCR,668,2016-09-01,NCR,13.336729166666668,16
813,Oct,2016,NCR,8.460119,NCR,NCR,669,2016-10-01,NCR,13.997611111111109,15
814,Nov,2016,NCR,7.541772,NCR,NCR,670,2016-11-01,NCR,12.551287878787875,11
815,Dec,2016,NCR,7.831114,NCR,NCR,671,2016-12-01,NCR,10.742833333333332,10
