,Date,Province,Dengue,date,value,Counts
0,2015-01-01,abra,24.87974788522143,2015-01-01,36.11813953488372,43.0
1,2015-01-01,agusan del norte,21.400705066472327,2015-01-01,46.66447368421054,38.0
2,2015-01-01,agusan del sur,15.985088196296886,2015-01-01,55.5,16.0
3,2015-01-01,aklan,8.698329746722035,2015-01-01,39.833333333333336,6.0
4,2015-01-01,albay,2.8140605677101,2015-01-01,36.375238095238096,42.0
5,2015-01-01,antique,1.546359868868683,2015-01-01,35.0,1.0
6,2015-01-01,apayao,34.4005906833132,2015-01-01,40.29352941176471,34.0
7,2015-01-01,aurora,16.329501343684687,2015-01-01,34.04875,8.0
8,2015-01-01,basilan,3.483053854543317,2015-01-01,,
9,2015-01-01,bataan,24.715703674488925,2015-01-01,23.26315789473684,19.0
10,2015-01-01,batangas,9.204497584747257,2015-01-01,19.41590909090909,66.0
11,2015-01-01,benguet,6.5690572139617736,2015-01-01,8.857142857142858,35.0
12,2015-01-01,biliran,4.661678670489243,2015-01-01,55.0,1.0
13,2015-01-01,bohol,13.170315783062822,2015-01-01,41.130238095238106,42.0
14,2015-01-01,bukidnon,15.474560246914628,2015-01-01,42.86,1.0
15,2015-01-01,bulacan,8.049644129789424,2015-01-01,9.933846153846153,52.0
16,2015-01-01,cagayan,9.505386385618518,2015-01-01,,
17,2015-01-01,camarines norte,1.2000418300295042,2015-01-01,51.05263157894736,19.0
18,2015-01-01,camarines sur,2.2534703443302693,2015-01-01,26.918333333333337,60.0
19,2015-01-01,camiguin,36.16718280250458,2015-01-01,,
20,2015-01-01,capiz,7.4863669317978845,2015-01-01,,
21,2015-01-01,catanduanes,0.766389233764044,2015-01-01,30.0028,25.0
22,2015-01-01,cavite,15.79533594450264,2015-01-01,16.91074074074074,27.0
23,2015-01-01,cebu,9.930145742158583,2015-01-01,18.6353125,32.0
24,2015-01-01,compostela valley,5.026443166550514,2015-01-01,51.30684210526315,38.0
25,2015-01-01,cotabato,9.349540169320896,2015-01-01,25.487142857142853,7.0
26,2015-01-01,davao del norte,2.755005254188592,2015-01-01,47.27025,40.0
27,2015-01-01,davao del sur,11.387817418858493,2015-01-01,52.84833333333333,54.0
28,2015-01-01,davao oriental,18.784953431205928,2015-01-01,34.411034482758616,29.0
29,2015-01-01,dinagat islands,9.437523593808985,2015-01-01,0.0,3.0
30,2015-01-01,eastern samar,5.137426149499102,2015-01-01,26.625,4.0
31,2015-01-01,guimaras,4.008865319306123,2015-01-01,,
32,2015-01-01,ifugao,4.437826056942238,2015-01-01,10.628125,80.0
33,2015-01-01,ilocos norte,12.477216434180152,2015-01-01,8.333529411764706,17.0
34,2015-01-01,ilocos sur,9.859816607411103,2015-01-01,28.236666666666665,3.0
35,2015-01-01,iloilo,4.235839818152462,2015-01-01,38.41666666666666,27.0
36,2015-01-01,isabela,11.483678743145877,2015-01-01,56.88500000000001,4.0
37,2015-01-01,kalinga,12.224938875305623,2015-01-01,,
38,2015-01-01,la union,20.339336403725657,2015-01-01,0.0,5.0
39,2015-01-01,laguna,15.584427565524608,2015-01-01,22.54514285714286,70.0
40,2015-01-01,lanao del norte,8.145136519357457,2015-01-01,25.20333333333333,3.0
41,2015-01-01,lanao del sur,0.09565451121023044,2015-01-01,,
42,2015-01-01,leyte,4.118431863849727,2015-01-01,34.240476190476194,21.0
43,2015-01-01,maguindanao,3.595821519702727,2015-01-01,,
44,2015-01-01,marinduque,2.9848073306868046,2015-01-01,33.0,19.0
45,2015-01-01,masbate,1.0085242712571705,2015-01-01,55.265952380952385,42.0
46,2015-01-01,misamis occidental,14.780959466955421,2015-01-01,,
47,2015-01-01,misamis oriental,29.850574543660134,2015-01-01,67.7675,12.0
48,2015-01-01,mountain province,3.2343618604049422,2015-01-01,10.28744680851064,47.0
49,2015-01-01,negros occidental,3.3015858072344613,2015-01-01,25.0,4.0
50,2015-01-01,negros oriental,9.520330333322262,2015-01-01,31.88888888888889,27.0
51,2015-01-01,northern samar,0.7902901787478327,2015-01-01,,
52,2015-01-01,nueva ecija,5.624085214651811,2015-01-01,18.35428571428571,14.0
53,2015-01-01,nueva vizcaya,16.361292719003643,2015-01-01,,
54,2015-01-01,occidental mindoro,5.129109955807588,2015-01-01,40.0,5.0
55,2015-01-01,oriental mindoro,2.369502605860491,2015-01-01,0.0,3.0
56,2015-01-01,palawan,4.526586908205344,2015-01-01,25.526,20.0
57,2015-01-01,pampanga,15.633717330128931,2015-01-01,6.881333333333332,30.0
58,2015-01-01,pangasinan,6.730417360282963,2015-01-01,14.930983606557374,61.0
59,2015-01-01,quezon,9.13874403508524,2015-01-01,25.339285714285715,56.0
60,2015-01-01,quirino,29.63104063156447,2015-01-01,,
61,2015-01-01,rizal,14.978016640160432,2015-01-01,22.42951219512195,41.0
62,2015-01-01,romblon,1.3662088728435249,2015-01-01,31.228666666666665,15.0
63,2015-01-01,samar,3.2031529274895867,2015-01-01,3.8571428571428568,7.0
64,2015-01-01,sarangani,11.942799502444599,2015-01-01,,
65,2015-01-01,siquijor,4.1673612268711455,2015-01-01,47.5,8.0
66,2015-01-01,sorsogon,2.6483418227401763,2015-01-01,27.5835,20.0
67,2015-01-01,south cotabato,13.644778719444142,2015-01-01,,
68,2015-01-01,southern leyte,1.8968583283935982,2015-01-01,65.33333333333333,6.0
69,2015-01-01,sultan kudarat,5.7875002308843175,2015-01-01,,
70,2015-01-01,sulu,0.6062582830037915,2015-01-01,,
71,2015-01-01,surigao del norte,27.830001979022363,2015-01-01,63.18,7.0
72,2015-01-01,surigao del sur,20.261713803292526,2015-01-01,,
73,2015-01-01,tarlac,14.274974067130447,2015-01-01,11.533170731707315,41.0
74,2015-01-01,tawi-tawi,1.7915872183049024,2015-01-01,,
75,2015-01-01,zambales,7.962475026782871,2015-01-01,53.0,5.0
76,2015-01-01,zamboanga del norte,10.57946811971212,2015-01-01,32.34942857142857,105.0
77,2015-01-01,zamboanga del sur,15.914782215818331,2015-01-01,45.22916666666666,96.0
78,2015-01-01,zamboanga sibugay,6.475773499555383,2015-01-01,40.02870588235295,85.0
79,2015-02-01,abra,12.025211477857024,2015-02-01,30.82608695652174,46.0
80,2015-02-01,agusan del norte,19.231714688113644,2015-02-01,29.05,20.0
81,2015-02-01,agusan del sur,7.278924089385187,2015-02-01,35.666666666666664,9.0
82,2015-02-01,aklan,4.697098063229898,2015-02-01,26.4,5.0
83,2015-02-01,albay,1.4450581293646458,2015-02-01,39.060526315789474,57.0
84,2015-02-01,antique,3.092719737737366,2015-02-01,31.0,3.0
85,2015-02-01,apayao,23.493086320311452,2015-02-01,43.959375,32.0
86,2015-02-01,aurora,9.331143624962676,2015-02-01,38.857142857142854,7.0
87,2015-02-01,basilan,3.483053854543317,2015-02-01,,
88,2015-02-01,bataan,18.66824426477355,2015-02-01,29.619047619047624,21.0
89,2015-02-01,batangas,5.455891713539705,2015-02-01,23.40816326530612,49.0
90,2015-02-01,benguet,4.800464887125911,2015-02-01,6.888888888888888,45.0
91,2015-02-01,biliran,20.39484418339044,2015-02-01,,
92,2015-02-01,bohol,7.156125338774018,2015-02-01,36.23943661971831,71.0
93,2015-02-01,bukidnon,12.153535901686373,2015-02-01,,
94,2015-02-01,bulacan,8.019268114205314,2015-02-01,11.125,40.0
95,2015-02-01,cagayan,7.921155321348763,2015-02-01,90.625,2.0
96,2015-02-01,camarines norte,1.5429109243236478,2015-02-01,48.96066666666666,30.0
97,2015-02-01,camarines sur,1.9973941688381929,2015-02-01,18.434901960784316,51.0
98,2015-02-01,camiguin,36.16718280250458,2015-02-01,,
99,2015-02-01,capiz,5.384930600065144,2015-02-01,,
100,2015-02-01,catanduanes,1.9159730844101104,2015-02-01,29.516129032258068,31.0
101,2015-02-01,cavite,13.865096956448099,2015-02-01,15.933333333333335,30.0
102,2015-02-01,cebu,6.8215783793958975,2015-02-01,27.276595744680854,47.0
103,2015-02-01,compostela valley,8.150988918730565,2015-02-01,56.225,40.0
104,2015-02-01,cotabato,13.553209392736495,2015-02-01,20.5,10.0
105,2015-02-01,davao del norte,1.8694678510565443,2015-02-01,59.66666666666666,36.0
106,2015-02-01,davao del sur,6.709101735141437,2015-02-01,52.392156862745104,51.0
107,2015-02-01,davao oriental,24.330987301371483,2015-02-01,46.15041666666667,24.0
108,2015-02-01,dinagat islands,1.572920598968164,2015-02-01,15.2,5.0
109,2015-02-01,eastern samar,3.8530696121243264,2015-02-01,63.33333333333334,3.0
110,2015-02-01,guimaras,0.5726950456151604,2015-02-01,,
111,2015-02-01,ifugao,2.9585507046281587,2015-02-01,8.686746987951809,83.0
112,2015-02-01,ilocos norte,4.7211089210411386,2015-02-01,3.2,15.0
113,2015-02-01,ilocos sur,6.524878637257348,2015-02-01,67.0,1.0
114,2015-02-01,iloilo,4.3616568424540185,2015-02-01,28.6,25.0
115,2015-02-01,isabela,6.902757714459269,2015-02-01,24.5,2.0
116,2015-02-01,kalinga,12.224938875305623,2015-02-01,13.716,5.0
117,2015-02-01,la union,10.169668201862828,2015-02-01,24.0,6.0
118,2015-02-01,laguna,9.785570796957314,2015-02-01,18.246753246753247,77.0
119,2015-02-01,lanao del norte,8.439539044153511,2015-02-01,,
120,2015-02-01,lanao del sur,0.0,2015-02-01,,
121,2015-02-01,leyte,2.949000593867705,2015-02-01,27.16533333333333,15.0
122,2015-02-01,maguindanao,3.1887473853967583,2015-02-01,,
123,2015-02-01,marinduque,0.8528020944819441,2015-02-01,30.0246875,32.0
124,2015-02-01,masbate,1.0085242712571705,2015-02-01,49.88888888888889,45.0
125,2015-02-01,misamis occidental,9.632535382959713,2015-02-01,,
126,2015-02-01,misamis oriental,26.27106239281439,2015-02-01,78.75,12.0
127,2015-02-01,mountain province,0.6468723720809884,2015-02-01,7.05,40.0
128,2015-02-01,negros occidental,2.6478064394652607,2015-02-01,0.0,1.0
129,2015-02-01,negros oriental,7.232499012911487,2015-02-01,28.892857142857146,28.0
130,2015-02-01,northern samar,4.741741072486996,2015-02-01,,
131,2015-02-01,nueva ecija,3.950803663185156,2015-02-01,7.0,16.0
132,2015-02-01,nueva vizcaya,9.286139110785848,2015-02-01,,
133,2015-02-01,occidental mindoro,4.923945557575285,2015-02-01,32.94444444444444,18.0
134,2015-02-01,oriental mindoro,6.042231644944251,2015-02-01,12.055555555555555,18.0
135,2015-02-01,palawan,4.07392821738481,2015-02-01,36.384615384615394,26.0
136,2015-02-01,pampanga,12.874826036576767,2015-02-01,10.458333333333334,24.0
137,2015-02-01,pangasinan,3.5512252403503064,2015-02-01,10.748064516129034,62.0
138,2015-02-01,quezon,4.7577997296062335,2015-02-01,29.989750000000004,40.0
139,2015-02-01,quirino,18.519400394727796,2015-02-01,,
140,2015-02-01,rizal,12.516351868282213,2015-02-01,16.616097560975607,41.0
141,2015-02-01,romblon,1.3662088728435249,2015-02-01,32.42857142857143,14.0
142,2015-02-01,samar,2.0500178735933354,2015-02-01,4.0,5.0
143,2015-02-01,sarangani,16.352448549501062,2015-02-01,,
144,2015-02-01,siquijor,6.251041840306718,2015-02-01,53.53333333333333,15.0
145,2015-02-01,sorsogon,0.7566690922114789,2015-02-01,25.303103448275863,29.0
146,2015-02-01,south cotabato,14.373383408346493,2015-02-01,,
147,2015-02-01,southern leyte,0.4742145820983995,2015-02-01,43.14285714285715,7.0
148,2015-02-01,sultan kudarat,4.802393808606134,2015-02-01,,
149,2015-02-01,sulu,0.3637549698022749,2015-02-01,,
150,2015-02-01,surigao del norte,18.75948281548915,2015-02-01,66.66666666666667,6.0
151,2015-02-01,surigao del sur,16.884761502743768,2015-02-01,,
152,2015-02-01,tarlac,8.711394430710374,2015-02-01,10.321428571428571,28.0
153,2015-02-01,tawi-tawi,6.142584748473952,2015-02-01,,
154,2015-02-01,zambales,4.7050988794626045,2015-02-01,39.6,5.0
155,2015-02-01,zamboanga del norte,7.909882706326819,2015-02-01,35.183375,80.0
156,2015-02-01,zamboanga del sur,15.060297264633455,2015-02-01,36.85593220338985,118.0
157,2015-02-01,zamboanga sibugay,8.371121840888666,2015-02-01,43.5375,80.0
158,2015-03-01,abra,4.146624647536905,2015-03-01,25.255384615384607,26.0
159,2015-03-01,agusan del norte,10.700352533236163,2015-03-01,27.8,5.0
160,2015-03-01,agusan del sur,11.275196138459409,2015-03-01,20.6,5.0
161,2015-03-01,aklan,5.566931037902101,2015-03-01,,
162,2015-03-01,albay,0.5323898371343432,2015-03-01,40.64,25.0
163,2015-03-01,antique,2.577266448114472,2015-03-01,,
164,2015-03-01,apayao,9.229426768693783,2015-03-01,33.78565217391305,23.0
165,2015-03-01,aurora,9.797700806210806,2015-03-01,45.83333333333334,6.0
166,2015-03-01,basilan,4.789199049997062,2015-03-01,,
167,2015-03-01,bataan,12.226385328337605,2015-03-01,32.38533333333333,15.0
168,2015-03-01,batangas,4.7135935212213775,2015-03-01,12.4375,16.0
169,2015-03-01,benguet,4.92679291047133,2015-03-01,2.3846153846153846,26.0
170,2015-03-01,biliran,9.90606717478964,2015-03-01,,
171,2015-03-01,bohol,6.470964402082889,2015-03-01,37.79411764705883,34.0
172,2015-03-01,bukidnon,10.881654237556406,2015-03-01,46.0,1.0
173,2015-03-01,bulacan,5.984075070069874,2015-03-01,18.88888888888889,27.0
174,2015-03-01,cagayan,4.252409698829337,2015-03-01,,
175,2015-03-01,camarines norte,0.342869094294144,2015-03-01,54.384615384615394,13.0
176,2015-03-01,camarines sur,1.5876722880508711,2015-03-01,15.566666666666665,18.0
177,2015-03-01,camiguin,53.1205497411786,2015-03-01,,
178,2015-03-01,capiz,4.990911287865256,2015-03-01,,
179,2015-03-01,catanduanes,3.4487515519381984,2015-03-01,35.86666666666667,15.0
180,2015-03-01,cavite,9.460889687929292,2015-03-01,12.398333333333332,12.0
181,2015-03-01,cebu,6.346658365640487,2015-03-01,20.4,25.0
182,2015-03-01,compostela valley,2.988695936867874,2015-03-01,56.153846153846146,13.0
183,2015-03-01,cotabato,18.336695060761137,2015-03-01,50.0,1.0
184,2015-03-01,davao del norte,1.5742887166791952,2015-03-01,47.14285714285714,14.0
185,2015-03-01,davao del sur,3.884216794029253,2015-03-01,43.714285714285715,21.0
186,2015-03-01,davao oriental,11.807685013900864,2015-03-01,48.41666666666666,12.0
187,2015-03-01,dinagat islands,0.786460299484082,2015-03-01,11.333333333333336,3.0
188,2015-03-01,eastern samar,1.9265348060621632,2015-03-01,50.0,3.0
189,2015-03-01,guimaras,2.8634752280758016,2015-03-01,,
190,2015-03-01,ifugao,2.4654589205234663,2015-03-01,6.412698412698412,63.0
191,2015-03-01,ilocos norte,4.889719953935466,2015-03-01,1.9,10.0
192,2015-03-01,ilocos sur,3.1899406671035915,2015-03-01,,
193,2015-03-01,iloilo,3.5228766804436313,2015-03-01,23.0,9.0
194,2015-03-01,isabela,6.902757714459269,2015-03-01,24.5,2.0
195,2015-03-01,kalinga,10.344179048335528,2015-03-01,17.857999999999997,5.0
196,2015-03-01,la union,5.720438363547841,2015-03-01,67.0,2.0
197,2015-03-01,laguna,7.116778761423501,2015-03-01,18.384615384615387,26.0
198,2015-03-01,lanao del norte,5.593647971125001,2015-03-01,58.0,1.0
199,2015-03-01,lanao del sur,0.0,2015-03-01,,
200,2015-03-01,leyte,2.593086729090569,2015-03-01,27.11111111111111,9.0
201,2015-03-01,maguindanao,3.1887473853967583,2015-03-01,,
202,2015-03-01,marinduque,1.7056041889638882,2015-03-01,36.0,18.0
203,2015-03-01,masbate,0.5602912618095389,2015-03-01,48.5625,16.0
204,2015-03-01,misamis occidental,9.964691775475565,2015-03-01,,
205,2015-03-01,misamis oriental,17.1305224361904,2015-03-01,68.0,3.0
206,2015-03-01,mountain province,2.587489488323953,2015-03-01,13.186666666666667,30.0
207,2015-03-01,negros occidental,2.3209167555806607,2015-03-01,,
208,2015-03-01,negros oriental,3.247244454776585,2015-03-01,20.5625,16.0
209,2015-03-01,northern samar,2.686986607742631,2015-03-01,,
210,2015-03-01,nueva ecija,3.3465631029333087,2015-03-01,10.571428571428571,7.0
211,2015-03-01,nueva vizcaya,10.39163186206988,2015-03-01,,
212,2015-03-01,occidental mindoro,4.103287964646071,2015-03-01,28.6,10.0
213,2015-03-01,oriental mindoro,4.3835798208419074,2015-03-01,9.846153846153848,13.0
214,2015-03-01,palawan,4.9792455990258775,2015-03-01,49.14285714285714,14.0
215,2015-03-01,pampanga,8.429945619187171,2015-03-01,5.2631578947368425,19.0
216,2015-03-01,pangasinan,2.8409801922802447,2015-03-01,9.761904761904765,21.0
217,2015-03-01,quezon,4.56937201754262,2015-03-01,48.5,6.0
218,2015-03-01,quirino,11.640765962400328,2015-03-01,,
219,2015-03-01,rizal,5.755441579320906,2015-03-01,22.66666666666667,18.0
220,2015-03-01,romblon,0.0,2015-03-01,14.416666666666664,12.0
221,2015-03-01,samar,4.100035747186672,2015-03-01,0.0,3.0
222,2015-03-01,sarangani,11.759064125483912,2015-03-01,,
223,2015-03-01,siquijor,7.292882147024504,2015-03-01,55.83333333333334,6.0
224,2015-03-01,sorsogon,0.7566690922114789,2015-03-01,29.181428571428572,14.0
225,2015-03-01,south cotabato,13.909725879044995,2015-03-01,,
226,2015-03-01,southern leyte,1.4226437462951984,2015-03-01,9.0,2.0
227,2015-03-01,sultan kudarat,7.388298167086363,2015-03-01,,
228,2015-03-01,sulu,0.6062582830037915,2015-03-01,,
229,2015-03-01,surigao del norte,8.658222837918068,2015-03-01,53.68,4.0
230,2015-03-01,surigao del sur,10.975094976783453,2015-03-01,,
231,2015-03-01,tarlac,7.247294526389303,2015-03-01,9.266666666666667,15.0
232,2015-03-01,tawi-tawi,3.5831744366098053,2015-03-01,,
233,2015-03-01,zambales,3.6193068303558498,2015-03-01,17.333333333333332,3.0
234,2015-03-01,zamboanga del norte,8.89861804461767,2015-03-01,29.01583333333333,36.0
235,2015-03-01,zamboanga del sur,11.642357459893947,2015-03-01,37.583703703703705,54.0
236,2015-03-01,zamboanga sibugay,11.214144352888589,2015-03-01,41.952380952380956,42.0
237,2015-04-01,abra,7.049261900812738,2015-04-01,29.975,4.0
238,2015-04-01,agusan del norte,7.9529647206485,2015-04-01,,
239,2015-04-01,agusan del sur,6.708028082374585,2015-04-01,,
240,2015-04-01,aklan,3.4793318986888133,2015-04-01,,
241,2015-04-01,albay,0.3042227640767676,2015-04-01,19.360000000000007,5.0
242,2015-04-01,antique,2.7490842113221032,2015-04-01,,
243,2015-04-01,apayao,5.873271580077863,2015-04-01,31.5,2.0
244,2015-04-01,aurora,9.797700806210806,2015-04-01,78.0,4.0
245,2015-04-01,basilan,4.136126452270189,2015-04-01,,
246,2015-04-01,bataan,6.704791954249656,2015-04-01,18.0,4.0
247,2015-04-01,batangas,2.6351585827300616,2015-04-01,,
248,2015-04-01,benguet,6.063745120580099,2015-04-01,14.6,5.0
249,2015-04-01,biliran,4.078968836678087,2015-04-01,,
250,2015-04-01,bohol,3.3496756904899665,2015-04-01,7.5,2.0
251,2015-04-01,bukidnon,11.0936345149114,2015-04-01,,
252,2015-04-01,bulacan,4.769034446705432,2015-04-01,24.2,5.0
253,2015-04-01,cagayan,4.919454357469233,2015-04-01,,
254,2015-04-01,camarines norte,0.8571727357353599,2015-04-01,18.316,5.0
255,2015-04-01,camarines sur,1.3315961125587952,2015-04-01,15.484000000000002,5.0
256,2015-04-01,camiguin,11.30224462578268,2015-04-01,,
257,2015-04-01,capiz,6.172969224464923,2015-04-01,,
258,2015-04-01,catanduanes,0.766389233764044,2015-04-01,16.954,5.0
259,2015-04-01,cavite,5.029495954789997,2015-04-01,,
260,2015-04-01,cebu,3.1085673627626877,2015-04-01,57.5,2.0
261,2015-04-01,compostela valley,2.988695936867874,2015-04-01,0.0,2.0
262,2015-04-01,cotabato,14.205502892921677,2015-04-01,,
263,2015-04-01,davao del norte,0.8855374031320473,2015-04-01,10.1,4.0
264,2015-04-01,davao del sur,3.972494448439008,2015-04-01,8.571428571428571,7.0
265,2015-04-01,davao oriental,10.913163421938679,2015-04-01,100.0,3.0
266,2015-04-01,dinagat islands,6.291682395872656,2015-04-01,,
267,2015-04-01,eastern samar,1.0702971144789797,2015-04-01,,
268,2015-04-01,guimaras,0.5726950456151604,2015-04-01,,
269,2015-04-01,ifugao,3.4516424887328525,2015-04-01,12.0,4.0
270,2015-04-01,ilocos norte,5.395553052618445,2015-04-01,20.83,1.0
271,2015-04-01,ilocos sur,6.959870546407838,2015-04-01,,
272,2015-04-01,iloilo,2.8099135427348005,2015-04-01,,
273,2015-04-01,isabela,7.279271771611593,2015-04-01,,
274,2015-04-01,kalinga,11.284558961820574,2015-04-01,0.0,1.0
275,2015-04-01,la union,7.627251151397122,2015-04-01,0.0,2.0
276,2015-04-01,laguna,5.1069477223177895,2015-04-01,0.0,3.0
277,2015-04-01,lanao del norte,2.845891073028509,2015-04-01,,
278,2015-04-01,lanao del sur,0.0,2015-04-01,,
279,2015-04-01,leyte,1.5253451347591582,2015-04-01,,
280,2015-04-01,maguindanao,3.4601301416007373,2015-04-01,,
281,2015-04-01,marinduque,0.8528020944819441,2015-04-01,21.0,3.0
282,2015-04-01,masbate,0.3361747570857234,2015-04-01,16.7075,4.0
283,2015-04-01,misamis occidental,7.4735188316066745,2015-04-01,,
284,2015-04-01,misamis oriental,11.505574770575642,2015-04-01,,
285,2015-04-01,mountain province,0.0,2015-04-01,5.083333333333333,12.0
286,2015-04-01,negros occidental,2.0920939768614404,2015-04-01,,
287,2015-04-01,negros oriental,3.9852545581349017,2015-04-01,28.0,1.0
288,2015-04-01,northern samar,1.4225223217460987,2015-04-01,,
289,2015-04-01,nueva ecija,2.8817626719703493,2015-04-01,,
290,2015-04-01,nueva vizcaya,4.421971005136119,2015-04-01,,
291,2015-04-01,occidental mindoro,1.0258219911615178,2015-04-01,45.5,2.0
292,2015-04-01,oriental mindoro,2.132552345274441,2015-04-01,,
293,2015-04-01,palawan,3.892864741056596,2015-04-01,61.85714285714285,7.0
294,2015-04-01,pampanga,4.981331502246964,2015-04-01,14.6,5.0
295,2015-04-01,pangasinan,2.3336623008016297,2015-04-01,0.0,2.0
296,2015-04-01,quezon,2.9206295369860045,2015-04-01,,
297,2015-04-01,quirino,7.936885883454767,2015-04-01,,
298,2015-04-01,rizal,5.027343548201998,2015-04-01,,
299,2015-04-01,romblon,0.0,2015-04-01,0.0,3.0
300,2015-04-01,samar,1.5375134051950017,2015-04-01,,
301,2015-04-01,sarangani,16.352448549501062,2015-04-01,,
302,2015-04-01,siquijor,1.0418403067177864,2015-04-01,,
303,2015-04-01,sorsogon,0.6305575768428989,2015-04-01,18.375,4.0
304,2015-04-01,south cotabato,8.67701947692807,2015-04-01,,
305,2015-04-01,southern leyte,1.1855364552459988,2015-04-01,,
306,2015-04-01,sultan kudarat,3.5710107807584084,2015-04-01,,
307,2015-04-01,sulu,0.1212516566007583,2015-04-01,,
308,2015-04-01,surigao del norte,5.5660003958044735,2015-04-01,,
309,2015-04-01,surigao del sur,5.065428450823132,2015-04-01,,
310,2015-04-01,tarlac,5.636784631636123,2015-04-01,0.0,11.0
311,2015-04-01,tawi-tawi,0.5118820623728293,2015-04-01,,
312,2015-04-01,zambales,2.292227659225372,2015-04-01,,
313,2015-04-01,zamboanga del norte,7.0200209018650535,2015-04-01,,
314,2015-04-01,zamboanga del sur,7.156311466173344,2015-04-01,,
315,2015-04-01,zamboanga sibugay,10.266470182221946,2015-04-01,,
316,2015-05-01,abra,24.050422955714048,2015-05-01,43.0,3.0
317,2015-05-01,agusan del norte,12.580144194480354,2015-05-01,,
318,2015-05-01,agusan del sur,6.279856077116633,2015-05-01,,
319,2015-05-01,aklan,3.6532984936232538,2015-05-01,,
320,2015-05-01,albay,0.7605569101919191,2015-05-01,18.62333333333333,3.0
321,2015-05-01,antique,4.295444080190786,2015-05-01,,
322,2015-05-01,apayao,6.712310377231844,2015-05-01,50.0,1.0
323,2015-05-01,aurora,10.264257987458944,2015-05-01,76.5,2.0
324,2015-05-01,basilan,2.6122903909074875,2015-05-01,,
325,2015-05-01,bataan,4.469861302833103,2015-05-01,18.0,3.0
326,2015-05-01,batangas,3.67437605197572,2015-05-01,,
327,2015-05-01,benguet,4.674136863780492,2015-05-01,16.5,2.0
328,2015-05-01,biliran,5.827098338111553,2015-05-01,,
329,2015-05-01,bohol,2.5122567678674748,2015-05-01,15.0,3.0
330,2015-05-01,bukidnon,13.213437288461346,2015-05-01,,
331,2015-05-01,bulacan,4.6171543687848775,2015-05-01,37.0,2.0
332,2015-05-01,cagayan,12.256945602508088,2015-05-01,,
333,2015-05-01,camarines norte,1.2000418300295042,2015-05-01,28.736666666666668,3.0
334,2015-05-01,camarines sur,1.7413179933461167,2015-05-01,16.94,3.0
335,2015-05-01,camiguin,6.781346775469609,2015-05-01,,
336,2015-05-01,capiz,4.990911287865256,2015-05-01,,
337,2015-05-01,catanduanes,1.9159730844101104,2015-05-01,16.580000000000002,3.0
338,2015-05-01,cavite,3.6157997945247007,2015-05-01,50.0,3.0
339,2015-05-01,cebu,2.460949162187128,2015-05-01,60.66666666666666,3.0
340,2015-05-01,compostela valley,4.483043905301812,2015-05-01,,
341,2015-05-01,cotabato,19.56880500555536,2015-05-01,,
342,2015-05-01,davao del norte,2.656612209396142,2015-05-01,,
343,2015-05-01,davao del sur,3.840077966824375,2015-05-01,0.0,2.0
344,2015-05-01,davao oriental,10.19754614836893,2015-05-01,100.0,1.0
345,2015-05-01,dinagat islands,4.718761796904492,2015-05-01,,
346,2015-05-01,eastern samar,2.140594228957959,2015-05-01,,
347,2015-05-01,guimaras,4.581560364921283,2015-05-01,,
348,2015-05-01,ifugao,4.437826056942238,2015-05-01,17.0,4.0
349,2015-05-01,ilocos norte,8.09332957892767,2015-05-01,,
350,2015-05-01,ilocos sur,6.814873243357674,2015-05-01,,
351,2015-05-01,iloilo,3.3551206480415536,2015-05-01,,
352,2015-05-01,isabela,15.876342743256322,2015-05-01,,
353,2015-05-01,kalinga,23.039307880383678,2015-05-01,26.0,2.0
354,2015-05-01,la union,16.779952533073672,2015-05-01,0.5,4.0
355,2015-05-01,laguna,3.3936491316047253,2015-05-01,,
356,2015-05-01,lanao del norte,4.023501172212718,2015-05-01,23.33333333333333,3.0
357,2015-05-01,lanao del sur,0.0,2015-05-01,,
358,2015-05-01,leyte,0.8135174052048844,2015-05-01,,
359,2015-05-01,maguindanao,2.985210318243773,2015-05-01,,
360,2015-05-01,marinduque,0.0,2015-05-01,33.75,4.0
361,2015-05-01,masbate,0.6723495141714468,2015-05-01,,
362,2015-05-01,misamis occidental,7.1413624390908215,2015-05-01,0.0,1.0
363,2015-05-01,misamis oriental,9.01270023695092,2015-05-01,35.5,4.0
364,2015-05-01,mountain province,3.8812342324859306,2015-05-01,26.0,6.0
365,2015-05-01,negros occidental,2.3209167555806607,2015-05-01,,
366,2015-05-01,negros oriental,3.3948464754482486,2015-05-01,61.5,2.0
367,2015-05-01,northern samar,0.3161160714991331,2015-05-01,,
368,2015-05-01,nueva ecija,2.3240021548147984,2015-05-01,,
369,2015-05-01,nueva vizcaya,6.632956507704178,2015-05-01,,
370,2015-05-01,occidental mindoro,4.3084523628783735,2015-05-01,,
371,2015-05-01,oriental mindoro,1.6586518241023436,2015-05-01,,
372,2015-05-01,palawan,6.156158195159267,2015-05-01,62.5,2.0
373,2015-05-01,pampanga,2.9887989013481784,2015-05-01,12.0,1.0
374,2015-05-01,pangasinan,3.5850464331155467,2015-05-01,20.0,6.0
375,2015-05-01,quezon,4.051195809367684,2015-05-01,,
376,2015-05-01,quirino,19.577651845855094,2015-05-01,,
377,2015-05-01,rizal,4.9580008785716245,2015-05-01,,
378,2015-05-01,romblon,2.7324177456870493,2015-05-01,0.0,3.0
379,2015-05-01,samar,0.7687567025975008,2015-05-01,,
380,2015-05-01,sarangani,12.310270256365971,2015-05-01,,
381,2015-05-01,siquijor,4.1673612268711455,2015-05-01,,
382,2015-05-01,sorsogon,0.6305575768428989,2015-05-01,14.21,1.0
383,2015-05-01,south cotabato,9.27315058603,2015-05-01,,
384,2015-05-01,southern leyte,0.0,2015-05-01,,
385,2015-05-01,sultan kudarat,3.8172873863279535,2015-05-01,,
386,2015-05-01,sulu,0.2425033132015166,2015-05-01,,
387,2015-05-01,surigao del norte,5.5660003958044735,2015-05-01,,
388,2015-05-01,surigao del sur,6.247361756015196,2015-05-01,,
389,2015-05-01,tarlac,7.393704516821409,2015-05-01,0.0,8.0
390,2015-05-01,tawi-tawi,1.7915872183049024,2015-05-01,,
391,2015-05-01,zambales,3.6193068303558498,2015-05-01,,
392,2015-05-01,zamboanga del norte,9.590732781421268,2015-05-01,,
393,2015-05-01,zamboanga del sur,12.443437101629767,2015-05-01,,
394,2015-05-01,zamboanga sibugay,15.320732425777367,2015-05-01,,
395,2015-06-01,abra,34.41698457455631,2015-06-01,34.62222222222222,27.0
396,2015-06-01,agusan del norte,11.71254804313688,2015-06-01,,
397,2015-06-01,agusan del sur,9.5625081174276,2015-06-01,,
398,2015-06-01,aklan,7.654530177115389,2015-06-01,,
399,2015-06-01,albay,0.8366126012111108,2015-06-01,66.67,1.0
400,2015-06-01,antique,10.48088355566552,2015-06-01,,
401,2015-06-01,apayao,77.19156933816619,2015-06-01,49.105,2.0
402,2015-06-01,aurora,14.92982979994028,2015-06-01,51.68363636363636,11.0
403,2015-06-01,basilan,6.095344245450804,2015-06-01,,
404,2015-06-01,bataan,3.1551962137645435,2015-06-01,36.020769230769226,26.0
405,2015-06-01,batangas,5.047627707764625,2015-06-01,21.72049504950495,101.0
406,2015-06-01,benguet,27.28685304261044,2015-06-01,6.48,3.0
407,2015-06-01,biliran,7.57522783954502,2015-06-01,30.28,4.0
408,2015-06-01,bohol,5.2529005146319925,2015-06-01,37.30375,8.0
409,2015-06-01,bukidnon,26.568194761826025,2015-06-01,,
410,2015-06-01,bulacan,10.206341236261308,2015-06-01,18.20514705882353,68.0
411,2015-06-01,cagayan,42.02381349431344,2015-06-01,,
412,2015-06-01,camarines norte,1.028607282882432,2015-06-01,,
413,2015-06-01,camarines sur,3.431420751593818,2015-06-01,70.0,2.0
414,2015-06-01,camiguin,7.911571238047876,2015-06-01,0.0,2.0
415,2015-06-01,capiz,6.8296680781314025,2015-06-01,,
416,2015-06-01,catanduanes,0.766389233764044,2015-06-01,41.1075,4.0
417,2015-06-01,cavite,7.231599589049401,2015-06-01,20.573333333333334,18.0
418,2015-06-01,cebu,3.6482491965756534,2015-06-01,45.94466666666667,45.0
419,2015-06-01,compostela valley,8.28683873404274,2015-06-01,46.39454545454546,22.0
420,2015-06-01,cotabato,32.83210617598733,2015-06-01,,
421,2015-06-01,davao del norte,2.9517913437734915,2015-06-01,70.43166666666666,6.0
422,2015-06-01,davao del sur,8.077405378492651,2015-06-01,73.1625,4.0
423,2015-06-01,davao oriental,12.523302287470615,2015-06-01,52.16166666666666,24.0
424,2015-06-01,dinagat islands,1.572920598968164,2015-06-01,,
425,2015-06-01,eastern samar,5.779604418186488,2015-06-01,,
426,2015-06-01,guimaras,8.590425684227405,2015-06-01,,
427,2015-06-01,ifugao,6.903284977465705,2015-06-01,,
428,2015-06-01,ilocos norte,20.233323947319168,2015-06-01,98.21,2.0
429,2015-06-01,ilocos sur,27.11449567038053,2015-06-01,11.573333333333332,3.0
430,2015-06-01,iloilo,5.6617660935701215,2015-06-01,95.83,1.0
431,2015-06-01,isabela,33.88626514370914,2015-06-01,,
432,2015-06-01,kalinga,149.99059620086516,2015-06-01,0.0,1.0
433,2015-06-01,la union,48.433044811371715,2015-06-01,0.0,3.0
434,2015-06-01,laguna,1.6144544412488495,2015-06-01,24.864375,80.0
435,2015-06-01,lanao del norte,7.261928944969298,2015-06-01,43.72,4.0
436,2015-06-01,lanao del sur,0.0,2015-06-01,,
437,2015-06-01,leyte,0.6101380539036633,2015-06-01,26.655,66.0
438,2015-06-01,maguindanao,4.138587032110686,2015-06-01,,
439,2015-06-01,marinduque,2.1320052362048605,2015-06-01,30.962499999999995,28.0
440,2015-06-01,masbate,0.6723495141714468,2015-06-01,,
441,2015-06-01,misamis occidental,7.4735188316066745,2015-06-01,0.0,4.0
442,2015-06-01,misamis oriental,10.355017293518078,2015-06-01,22.0,1.0
443,2015-06-01,mountain province,71.15596092890874,2015-06-01,11.561333333333332,15.0
444,2015-06-01,negros occidental,3.9880541433921213,2015-06-01,,
445,2015-06-01,negros oriental,5.682677795859026,2015-06-01,58.84,3.0
446,2015-06-01,northern samar,0.0,2015-06-01,19.065454545454546,11.0
447,2015-06-01,nueva ecija,3.067682844355533,2015-06-01,8.822777777777778,54.0
448,2015-06-01,nueva vizcaya,14.813602867205999,2015-06-01,,
449,2015-06-01,occidental mindoro,17.644138247978105,2015-06-01,26.30375,16.0
450,2015-06-01,oriental mindoro,1.8956020846883923,2015-06-01,21.516153846153852,26.0
451,2015-06-01,palawan,12.402848128482644,2015-06-01,46.20120000000001,25.0
452,2015-06-01,pampanga,4.138336940328247,2015-06-01,11.679999999999998,33.0
453,2015-06-01,pangasinan,9.875788287450376,2015-06-01,29.8248,25.0
454,2015-06-01,quezon,4.56937201754262,2015-06-01,23.195087719298247,57.0
455,2015-06-01,quirino,44.446560947346704,2015-06-01,60.0,2.0
456,2015-06-01,rizal,10.921470466783648,2015-06-01,35.22666666666667,3.0
457,2015-06-01,romblon,6.831044364217624,2015-06-01,17.766363636363636,11.0
458,2015-06-01,samar,0.8968828196970843,2015-06-01,30.380952380952376,21.0
459,2015-06-01,sarangani,15.066300910776265,2015-06-01,,
460,2015-06-01,siquijor,4.1673612268711455,2015-06-01,64.83818181818182,11.0
461,2015-06-01,sorsogon,0.8827806075800587,2015-06-01,58.335,2.0
462,2015-06-01,south cotabato,15.830592786151213,2015-06-01,,
463,2015-06-01,southern leyte,0.2371072910491997,2015-06-01,36.77555555555555,36.0
464,2015-06-01,sultan kudarat,7.0188832587320436,2015-06-01,,
465,2015-06-01,sulu,0.4850066264030332,2015-06-01,,
466,2015-06-01,surigao del norte,10.101259977571079,2015-06-01,,
467,2015-06-01,surigao del sur,11.98818066694808,2015-06-01,,
468,2015-06-01,tarlac,14.640999043210714,2015-06-01,13.30483870967742,31.0
469,2015-06-01,tawi-tawi,4.350997530169049,2015-06-01,,
470,2015-06-01,zambales,6.51475229464053,2015-06-01,21.772857142857145,14.0
471,2015-06-01,zamboanga del norte,18.7859714275262,2015-06-01,20.21444444444445,9.0
472,2015-06-01,zamboanga del sur,24.67325296546332,2015-06-01,45.4141935483871,31.0
473,2015-06-01,zamboanga sibugay,24.63952843733268,2015-06-01,26.477500000000006,16.0
474,2015-07-01,abra,60.955382318792495,2015-07-01,54.32930232558138,43.0
475,2015-07-01,agusan del norte,18.653317253884662,2015-07-01,45.938571428571436,7.0
476,2015-07-01,agusan del sur,22.12222027166086,2015-07-01,74.475,2.0
477,2015-07-01,aklan,25.573089455362783,2015-07-01,,
478,2015-07-01,albay,2.9661719497484835,2015-07-01,34.416666666666664,6.0
479,2015-07-01,antique,26.631753297182875,2015-07-01,,
480,2015-07-01,apayao,109.07504363001743,2015-07-01,49.62347826086956,23.0
481,2015-07-01,aurora,40.123917587339506,2015-07-01,40.0444,25.0
482,2015-07-01,basilan,12.408379356810567,2015-07-01,,
483,2015-07-01,bataan,7.625057516597647,2015-07-01,40.6135,40.0
484,2015-07-01,batangas,11.171587794390824,2015-07-01,24.076770833333335,192.0
485,2015-07-01,benguet,55.45800224863882,2015-07-01,13.72166666666667,36.0
486,2015-07-01,biliran,10.488777008600797,2015-07-01,58.39700000000001,10.0
487,2015-07-01,bohol,17.43353938914096,2015-07-01,48.22288888888888,45.0
488,2015-07-01,bukidnon,45.29311926151724,2015-07-01,51.30767441860465,43.0
489,2015-07-01,bulacan,33.20098503343336,2015-07-01,29.425169491525416,118.0
490,2015-07-01,cagayan,91.30173765133577,2015-07-01,61.05875,8.0
491,2015-07-01,camarines norte,1.8857800186177922,2015-07-01,42.86,1.0
492,2015-07-01,camarines sur,6.504334857498731,2015-07-01,30.84111111111111,9.0
493,2015-07-01,camiguin,11.30224462578268,2015-07-01,42.07583333333333,12.0
494,2015-07-01,capiz,22.19642125392706,2015-07-01,,
495,2015-07-01,catanduanes,3.4487515519381984,2015-07-01,52.1,4.0
496,2015-07-01,cavite,18.921779375858584,2015-07-01,18.875569620253167,79.0
497,2015-07-01,cebu,6.584118372518192,2015-07-01,40.91634408602153,93.0
498,2015-07-01,compostela valley,19.969922850889887,2015-07-01,71.2486111111111,72.0
499,2015-07-01,cotabato,35.151371954423524,2015-07-01,,
500,2015-07-01,davao del norte,3.34536352294329,2015-07-01,57.61340425531914,47.0
501,2015-07-01,davao del sur,11.343678591653614,2015-07-01,50.11410714285715,56.0
502,2015-07-01,davao oriental,22.899752754231983,2015-07-01,53.30344262295082,61.0
503,2015-07-01,dinagat islands,6.291682395872656,2015-07-01,,
504,2015-07-01,eastern samar,8.34831749293604,2015-07-01,,
505,2015-07-01,guimaras,18.898936505300288,2015-07-01,,
506,2015-07-01,ifugao,71.49830869518051,2015-07-01,17.283437499999998,32.0
507,2015-07-01,ilocos norte,47.548311276200046,2015-07-01,31.9512987012987,77.0
508,2015-07-01,ilocos sur,57.56392931091482,2015-07-01,25.065,24.0
509,2015-07-01,iloilo,20.25654091255088,2015-07-01,78.00428571428571,7.0
510,2015-07-01,isabela,58.29692651575146,2015-07-01,18.947,10.0
511,2015-07-01,kalinga,247.79010720331016,2015-07-01,46.70761904761904,21.0
512,2015-07-01,la union,115.17149238609652,2015-07-01,36.95371428571429,35.0
513,2015-07-01,laguna,13.83818092499014,2015-07-01,21.905352112676052,142.0
514,2015-07-01,lanao del norte,9.715283318269737,2015-07-01,66.0025,8.0
515,2015-07-01,lanao del sur,0.0,2015-07-01,15.789230769230768,13.0
516,2015-07-01,leyte,4.067587026024421,2015-07-01,27.534166666666675,120.0
517,2015-07-01,maguindanao,5.359809435028593,2015-07-01,27.404615384615386,13.0
518,2015-07-01,marinduque,7.248817803096526,2015-07-01,48.843448275862045,58.0
519,2015-07-01,masbate,1.3446990283428937,2015-07-01,52.94,4.0
520,2015-07-01,misamis occidental,11.625473738054824,2015-07-01,39.2425,24.0
521,2015-07-01,misamis oriental,16.043884818969367,2015-07-01,56.669411764705885,34.0
522,2015-07-01,mountain province,155.24936929943718,2015-07-01,22.639318181818187,44.0
523,2015-07-01,negros occidental,11.833406556622524,2015-07-01,,
524,2015-07-01,negros oriental,9.298927302314768,2015-07-01,59.01999999999998,23.0
525,2015-07-01,northern samar,1.5805803574956654,2015-07-01,28.16083333333333,12.0
526,2015-07-01,nueva ecija,14.12993310127397,2015-07-01,30.90118279569893,93.0
527,2015-07-01,nueva vizcaya,47.09399120469967,2015-07-01,,
528,2015-07-01,occidental mindoro,17.438973849745807,2015-07-01,36.31076923076923,39.0
529,2015-07-01,oriental mindoro,4.502054951134934,2015-07-01,40.31463414634147,41.0
530,2015-07-01,palawan,33.67780659704776,2015-07-01,47.01138888888888,36.0
531,2015-07-01,pampanga,11.34210865127001,2015-07-01,15.950422535211267,71.0
532,2015-07-01,pangasinan,18.36490767152587,2015-07-01,36.5903125,96.0
533,2015-07-01,quezon,10.599058803578242,2015-07-01,34.6912077294686,207.0
534,2015-07-01,quirino,34.922297887200976,2015-07-01,26.135,12.0
535,2015-07-01,rizal,27.77173918696413,2015-07-01,22.26506024096386,83.0
536,2015-07-01,romblon,31.081251857190185,2015-07-01,26.08526315789474,38.0
537,2015-07-01,samar,3.33127904458917,2015-07-01,34.84185185185185,27.0
538,2015-07-01,sarangani,27.744041921063605,2015-07-01,,
539,2015-07-01,siquijor,14.585764294049008,2015-07-01,66.21848484848483,33.0
540,2015-07-01,sorsogon,2.3961187920030165,2015-07-01,4.16,2.0
541,2015-07-01,south cotabato,38.54981172192471,2015-07-01,,
542,2015-07-01,southern leyte,1.1855364552459988,2015-07-01,37.236046511627904,43.0
543,2015-07-01,sultan kudarat,12.067553672907724,2015-07-01,,
544,2015-07-01,sulu,0.4850066264030332,2015-07-01,,
545,2015-07-01,surigao del norte,10.925852628801373,2015-07-01,50.878,5.0
546,2015-07-01,surigao del sur,17.05360911777121,2015-07-01,41.77333333333333,6.0
547,2015-07-01,tarlac,70.7892303739238,2015-07-01,25.01513513513514,74.0
548,2015-07-01,tawi-tawi,2.815351343050561,2015-07-01,,
549,2015-07-01,zambales,26.782870544633287,2015-07-01,41.15121212121213,33.0
550,2015-07-01,zamboanga del norte,25.707118795562163,2015-07-01,49.715735294117664,68.0
551,2015-07-01,zamboanga del sur,33.85896619070075,2015-07-01,40.056486486486506,74.0
552,2015-07-01,zamboanga sibugay,22.428288705777177,2015-07-01,42.430243902439024,41.0
553,2015-08-01,abra,104.08027865317631,2015-08-01,59.43937499999999,48.0
554,2015-08-01,agusan del norte,20.38850955657161,2015-08-01,39.1308,25.0
555,2015-08-01,agusan del sur,27.545732338261594,2015-08-01,39.64545454545455,11.0
556,2015-08-01,aklan,33.92348601221593,2015-08-01,18.888333333333332,12.0
557,2015-08-01,albay,2.9661719497484835,2015-08-01,40.317777777777785,36.0
558,2015-08-01,antique,45.70352501322997,2015-08-01,46.43,2.0
559,2015-08-01,apayao,234.09182440596047,2015-08-01,46.03941176470589,34.0
560,2015-08-01,aurora,49.455061212302176,2015-08-01,44.94695652173913,23.0
561,2015-08-01,basilan,6.313035111359763,2015-08-01,,
562,2015-08-01,bataan,12.75225136396503,2015-08-01,42.50026315789473,38.0
563,2015-08-01,batangas,26.0917814599892,2015-08-01,25.55420454545454,176.0
564,2015-08-01,benguet,87.6716482017206,2015-08-01,12.114897959183676,49.0
565,2015-08-01,biliran,2.9135491690557767,2015-08-01,56.755,8.0
566,2015-08-01,bohol,30.984500137032185,2015-08-01,58.61024390243904,41.0
567,2015-08-01,bukidnon,37.167208629575775,2015-08-01,56.534222222222226,45.0
568,2015-08-01,bulacan,56.6816450799512,2015-08-01,29.561349206349217,126.0
569,2015-08-01,cagayan,138.74528899709836,2015-08-01,75.58809523809524,21.0
570,2015-08-01,camarines norte,4.800167320118017,2015-08-01,48.88411764705882,17.0
571,2015-08-01,camarines sur,12.138010718324402,2015-08-01,38.28826086956522,23.0
572,2015-08-01,camiguin,24.864938176721893,2015-08-01,42.533333333333346,24.0
573,2015-08-01,capiz,29.81412795645824,2015-08-01,,
574,2015-08-01,catanduanes,3.4487515519381984,2015-08-01,27.707058823529405,17.0
575,2015-08-01,cavite,37.21827006544598,2015-08-01,19.018333333333334,78.0
576,2015-08-01,cebu,14.873631339885359,2015-08-01,39.736714285714285,70.0
577,2015-08-01,compostela valley,12.769882639344551,2015-08-01,67.01557377049181,61.0
578,2015-08-01,cotabato,23.84495128454709,2015-08-01,45.918,5.0
579,2015-08-01,davao del norte,3.0501843885659414,2015-08-01,54.59124999999998,72.0
580,2015-08-01,davao del sur,9.357431367434106,2015-08-01,50.7668,75.0
581,2015-08-01,davao oriental,30.055925489929482,2015-08-01,53.05448275862068,58.0
582,2015-08-01,dinagat islands,14.156285390713474,2015-08-01,27.036874999999995,16.0
583,2015-08-01,eastern samar,10.488911721894,2015-08-01,,
584,2015-08-01,guimaras,26.343972098297378,2015-08-01,,
585,2015-08-01,ifugao,91.71507184347294,2015-08-01,25.156279069767447,43.0
586,2015-08-01,ilocos norte,129.32466222994836,2015-08-01,35.490560747663544,107.0
587,2015-08-01,ilocos sur,105.99302852966936,2015-08-01,37.015,54.0
588,2015-08-01,iloilo,18.914492653334253,2015-08-01,31.81367346938776,49.0
589,2015-08-01,isabela,64.50940845876481,2015-08-01,16.05263157894737,19.0
590,2015-08-01,kalinga,325.8416400225692,2015-08-01,40.64,20.0
591,2015-08-01,la union,207.96971472809486,2015-08-01,39.47108695652174,46.0
592,2015-08-01,laguna,25.238206163196306,2015-08-01,22.61808219178083,146.0
593,2015-08-01,lanao del norte,10.991027592385961,2015-08-01,62.10461538461539,26.0
594,2015-08-01,lanao del sur,0.0,2015-08-01,20.82,7.0
595,2015-08-01,leyte,3.4574489721207584,2015-08-01,32.544166666666676,96.0
596,2015-08-01,maguindanao,3.392284452549742,2015-08-01,15.146666666666668,6.0
597,2015-08-01,marinduque,14.924036653434026,2015-08-01,47.56978723404255,47.0
598,2015-08-01,masbate,3.0255728137715114,2015-08-01,49.70923076923078,13.0
599,2015-08-01,misamis occidental,14.614881270697493,2015-08-01,37.78972222222222,36.0
600,2015-08-01,misamis oriental,17.833640894392246,2015-08-01,54.784210526315796,38.0
601,2015-08-01,mountain province,68.56847144058477,2015-08-01,21.51277777777777,36.0
602,2015-08-01,negros occidental,19.940270716960608,2015-08-01,,
603,2015-08-01,negros oriental,20.590481883696988,2015-08-01,64.73619047619049,21.0
604,2015-08-01,northern samar,1.7386383932452318,2015-08-01,41.908,10.0
605,2015-08-01,nueva ecija,44.62084137244411,2015-08-01,31.732530120481925,83.0
606,2015-08-01,nueva vizcaya,111.87586642994378,2015-08-01,51.18636363636365,11.0
607,2015-08-01,occidental mindoro,22.157755009088785,2015-08-01,46.040789473684214,38.0
608,2015-08-01,oriental mindoro,10.42581146578616,2015-08-01,37.751875,32.0
609,2015-08-01,palawan,41.10140912650453,2015-08-01,46.24896551724138,29.0
610,2015-08-01,pampanga,30.53939390223716,2015-08-01,20.916785714285727,56.0
611,2015-08-01,pangasinan,37.71062993324373,2015-08-01,36.3393567251462,171.0
612,2015-08-01,quezon,10.080882595403306,2015-08-01,37.63371794871797,156.0
613,2015-08-01,quirino,88.89312189469341,2015-08-01,9.83111111111111,9.0
614,2015-08-01,rizal,44.344637228623135,2015-08-01,24.832352941176467,85.0
615,2015-08-01,romblon,17.077610910544063,2015-08-01,30.476774193548387,31.0
616,2015-08-01,samar,2.94690069329042,2015-08-01,52.29217391304348,23.0
617,2015-08-01,sarangani,33.99104473772694,2015-08-01,,
618,2015-08-01,siquijor,20.836806134355726,2015-08-01,74.47633333333334,30.0
619,2015-08-01,sorsogon,2.900564853477336,2015-08-01,20.3975,16.0
620,2015-08-01,south cotabato,39.80831073002878,2015-08-01,,
621,2015-08-01,southern leyte,1.8968583283935982,2015-08-01,35.68365853658536,41.0
622,2015-08-01,sultan kudarat,14.53031972860318,2015-08-01,,
623,2015-08-01,sulu,0.4850066264030332,2015-08-01,,
624,2015-08-01,surigao del norte,13.605778745299821,2015-08-01,75.68,11.0
625,2015-08-01,surigao del sur,24.482904178978465,2015-08-01,42.32363636363636,11.0
626,2015-08-01,tarlac,121.44708706343286,2015-08-01,19.884745762711862,59.0
627,2015-08-01,tawi-tawi,1.7915872183049024,2015-08-01,,
628,2015-08-01,zambales,51.394156991053066,2015-08-01,43.6692,25.0
629,2015-08-01,zamboanga del norte,18.588224359868022,2015-08-01,48.75958333333336,96.0
630,2015-08-01,zamboanga del sur,25.36752198830103,2015-08-01,38.24520833333335,96.0
631,2015-08-01,zamboanga sibugay,13.741275474666299,2015-08-01,49.58435897435898,39.0
632,2015-09-01,abra,110.71487808923537,2015-09-01,52.93519230769231,52.0
633,2015-09-01,agusan del norte,40.77701911314321,2015-09-01,25.403076923076924,13.0
634,2015-09-01,agusan del sur,27.831180341766892,2015-09-01,19.152727272727272,22.0
635,2015-09-01,aklan,37.228851315970296,2015-09-01,30.2525,32.0
636,2015-09-01,albay,3.3464504048444432,2015-09-01,37.920175438596495,57.0
637,2015-09-01,antique,43.813529617946024,2015-09-01,64.46125,8.0
638,2015-09-01,apayao,145.9927507047926,2015-09-01,41.87057142857142,35.0
639,2015-09-01,aurora,73.71603463720514,2015-09-01,35.070476190476185,21.0
640,2015-09-01,basilan,5.877653379541847,2015-09-01,0.0,1.0
641,2015-09-01,bataan,21.69197396963124,2015-09-01,34.20249999999999,44.0
642,2015-09-01,batangas,35.741657960127455,2015-09-01,23.642487046632123,193.0
643,2015-09-01,benguet,92.4721130888465,2015-09-01,14.375490196078431,51.0
644,2015-09-01,biliran,3.4962590028669323,2015-09-01,54.615555555555545,9.0
645,2015-09-01,bohol,41.18578519443346,2015-09-01,49.14781818181818,55.0
646,2015-09-01,bukidnon,28.89997781273097,2015-09-01,55.00288461538461,52.0
647,2015-09-01,bulacan,65.91595381752093,2015-09-01,36.92166666666667,126.0
648,2015-09-01,cagayan,46.776506687122705,2015-09-01,67.69071428571428,28.0
649,2015-09-01,camarines norte,0.8571727357353599,2015-09-01,59.24760000000001,25.0
650,2015-09-01,camarines sur,8.040791910451185,2015-09-01,26.22142857142857,28.0
651,2015-09-01,camiguin,48.59965189086552,2015-09-01,52.00346153846154,26.0
652,2015-09-01,capiz,33.491641536990535,2015-09-01,33.4,5.0
653,2015-09-01,catanduanes,2.2991677012921317,2015-09-01,28.586190476190477,21.0
654,2015-09-01,cavite,68.3195855912825,2015-09-01,23.992345679012352,81.0
655,2015-09-01,cebu,27.43742443105122,2015-09-01,35.648219178082186,73.0
656,2015-09-01,compostela valley,11.954783747471495,2015-09-01,62.330625,64.0
657,2015-09-01,cotabato,16.16238339347721,2015-09-01,35.909285714285716,14.0
658,2015-09-01,davao del norte,2.5582191646036923,2015-09-01,63.17075757575756,66.0
659,2015-09-01,davao del sur,10.460902047556058,2015-09-01,52.82771428571429,70.0
660,2015-09-01,davao oriental,20.93180525191517,2015-09-01,61.54160714285715,56.0
661,2015-09-01,dinagat islands,7.864602994840821,2015-09-01,46.06179487179486,39.0
662,2015-09-01,eastern samar,5.779604418186488,2015-09-01,,
663,2015-09-01,guimaras,15.462766231609333,2015-09-01,,
664,2015-09-01,ifugao,107.49400893482313,2015-09-01,27.52068181818181,44.0
665,2015-09-01,ilocos norte,123.59188711154124,2015-09-01,32.000839694656484,131.0
666,2015-09-01,ilocos sur,131.22255926039776,2015-09-01,40.03693333333335,75.0
667,2015-09-01,iloilo,19.71133380724413,2015-09-01,31.279838709677428,62.0
668,2015-09-01,isabela,46.624990744029425,2015-09-01,15.141578947368426,19.0
669,2015-09-01,kalinga,164.56648485988342,2015-09-01,62.023999999999994,20.0
670,2015-09-01,la union,117.2054260264691,2015-09-01,28.63833333333334,48.0
671,2015-09-01,laguna,40.39430908104265,2015-09-01,19.068370786516848,178.0
672,2015-09-01,lanao del norte,12.659308566230266,2015-09-01,55.432571428571435,35.0
673,2015-09-01,lanao del sur,0.0,2015-09-01,16.568421052631578,19.0
674,2015-09-01,leyte,3.7116731612472846,2015-09-01,27.892330827067674,133.0
675,2015-09-01,maguindanao,3.256593074447753,2015-09-01,22.506666666666664,3.0
676,2015-09-01,marinduque,45.19851100754304,2015-09-01,35.988387096774204,62.0
677,2015-09-01,masbate,4.034097085028681,2015-09-01,58.89115384615384,26.0
678,2015-09-01,misamis occidental,17.106054214566385,2015-09-01,47.46975000000001,40.0
679,2015-09-01,misamis oriental,24.6730658969011,2015-09-01,53.8784090909091,44.0
680,2015-09-01,mountain province,70.50908855682773,2015-09-01,23.266,35.0
681,2015-09-01,negros occidental,19.515314127910624,2015-09-01,38.378571428571426,21.0
682,2015-09-01,negros oriental,27.08497079325016,2015-09-01,65.13241379310344,29.0
683,2015-09-01,northern samar,1.8966964289947983,2015-09-01,32.22222222222222,9.0
684,2015-09-01,nueva ecija,41.59963857118488,2015-09-01,27.97697674418604,86.0
685,2015-09-01,nueva vizcaya,129.3426519002315,2015-09-01,57.88117647058823,17.0
686,2015-09-01,occidental mindoro,16.20798746035198,2015-09-01,50.09088235294117,34.0
687,2015-09-01,oriental mindoro,12.439888680767574,2015-09-01,37.270425531914896,47.0
688,2015-09-01,palawan,31.867171833765624,2015-09-01,58.38555555555556,45.0
689,2015-09-01,pampanga,69.20218994660013,2015-09-01,16.011186440677967,59.0
690,2015-09-01,pangasinan,33.99029872906722,2015-09-01,35.90329670329672,182.0
691,2015-09-01,quezon,12.907298276357505,2015-09-01,36.11130952380951,168.0
692,2015-09-01,quirino,182.5483753194597,2015-09-01,4.848000000000001,10.0
693,2015-09-01,rizal,48.297169397554356,2015-09-01,22.375000000000004,92.0
694,2015-09-01,romblon,28.00728189329225,2015-09-01,28.041612903225808,31.0
695,2015-09-01,samar,2.0500178735933354,2015-09-01,47.2475,28.0
696,2015-09-01,sarangani,23.150657497046453,2015-09-01,44.645,2.0
697,2015-09-01,siquijor,21.878646441073514,2015-09-01,61.97025000000001,40.0
698,2015-09-01,sorsogon,3.7833454610573933,2015-09-01,11.33222222222222,9.0
699,2015-09-01,south cotabato,29.27666113589471,2015-09-01,55.21,5.0
700,2015-09-01,southern leyte,4.505038529934796,2015-09-01,36.19730769230769,52.0
701,2015-09-01,sultan kudarat,10.097340828351363,2015-09-01,73.08333333333333,6.0
702,2015-09-01,sulu,0.2425033132015166,2015-09-01,,
703,2015-09-01,surigao del norte,16.90414935022099,2015-09-01,86.15500000000002,6.0
704,2015-09-01,surigao del sur,32.75643731532293,2015-09-01,57.23857142857143,7.0
705,2015-09-01,tarlac,92.0186789865793,2015-09-01,14.424716981132073,53.0
706,2015-09-01,tawi-tawi,1.535646187118488,2015-09-01,,
707,2015-09-01,zambales,57.54697860265802,2015-09-01,47.80181818181818,33.0
708,2015-09-01,zamboanga del norte,19.28033909667162,2015-09-01,48.655056179775286,89.0
709,2015-09-01,zamboanga del sur,22.163203421357746,2015-09-01,45.97968750000002,96.0
710,2015-09-01,zamboanga sibugay,7.58139336533313,2015-09-01,43.86977777777778,45.0
711,2015-10-01,abra,51.41814562945762,2015-10-01,42.353488372093025,43.0
712,2015-10-01,agusan del norte,45.8379966626468,2015-10-01,31.292000000000005,15.0
713,2015-10-01,agusan del sur,23.26401228568207,2015-10-01,25.64277777777778,18.0
714,2015-10-01,aklan,32.70571984767485,2015-10-01,29.40333333333333,21.0
715,2015-10-01,albay,3.4985617868828265,2015-10-01,39.87038461538461,52.0
716,2015-10-01,antique,24.91357566510656,2015-10-01,54.223636363636366,11.0
717,2015-10-01,apayao,102.36273325278559,2015-10-01,30.8124,25.0
718,2015-10-01,aurora,69.51702000597193,2015-10-01,41.751538461538466,13.0
719,2015-10-01,basilan,3.918435586361232,2015-10-01,0.0,1.0
720,2015-10-01,bataan,43.778347465983046,2015-10-01,31.456,35.0
721,2015-10-01,batangas,45.614223917961205,2015-10-01,23.557151898734173,158.0
722,2015-10-01,benguet,85.39774378150305,2015-10-01,22.484545454545454,44.0
723,2015-10-01,biliran,4.661678670489243,2015-10-01,35.0,3.0
724,2015-10-01,bohol,38.52127044063461,2015-10-01,45.40433962264152,53.0
725,2015-10-01,bukidnon,23.88311124866276,2015-10-01,51.392564102564116,39.0
726,2015-10-01,bulacan,58.80796617083897,2015-10-01,29.74017094017095,117.0
727,2015-10-01,cagayan,27.09868925724577,2015-10-01,44.27857142857143,21.0
728,2015-10-01,camarines norte,1.8857800186177922,2015-10-01,60.78411764705882,17.0
729,2015-10-01,camarines sur,5.736106331022503,2015-10-01,24.86884615384616,26.0
730,2015-10-01,camiguin,105.11087501977892,2015-10-01,52.145,18.0
731,2015-10-01,capiz,33.88566084919042,2015-10-01,23.285714285714285,7.0
732,2015-10-01,catanduanes,4.981530019466287,2015-10-01,35.241578947368424,19.0
733,2015-10-01,cavite,105.13005868742118,2015-10-01,19.759245283018867,53.0
734,2015-10-01,cebu,47.966921389296466,2015-10-01,35.426721311475404,61.0
735,2015-10-01,compostela valley,3.5320951981165782,2015-10-01,57.881086956521756,46.0
736,2015-10-01,cotabato,22.033024895143814,2015-10-01,34.614285714285714,21.0
737,2015-10-01,davao del norte,3.9357217916979885,2015-10-01,56.87837837837838,37.0
738,2015-10-01,davao del sur,11.564372727678,2015-10-01,57.89199999999998,40.0
739,2015-10-01,davao oriental,24.15208298297905,2015-10-01,53.81710526315789,38.0
740,2015-10-01,dinagat islands,12.583364791745312,2015-10-01,51.58388888888889,36.0
741,2015-10-01,eastern samar,8.776436338727631,2015-10-01,,
742,2015-10-01,guimaras,14.89007118599417,2015-10-01,30.746333333333343,30.0
743,2015-10-01,ifugao,71.49830869518051,2015-10-01,24.23,40.0
744,2015-10-01,ilocos norte,111.28328171025541,2015-10-01,24.08902912621359,103.0
745,2015-10-01,ilocos sur,92.65327664905432,2015-10-01,36.03644444444445,45.0
746,2015-10-01,iloilo,16.649786215906207,2015-10-01,27.5629268292683,41.0
747,2015-10-01,isabela,39.22021428670039,2015-10-01,35.47089285714286,56.0
748,2015-10-01,kalinga,147.63964641715253,2015-10-01,52.81846153846154,13.0
749,2015-10-01,la union,48.941528221464864,2015-10-01,27.77666666666666,48.0
750,2015-10-01,laguna,62.89782710906233,2015-10-01,22.657936507936512,126.0
751,2015-10-01,lanao del norte,13.051845265958335,2015-10-01,47.80483870967741,31.0
752,2015-10-01,lanao del sur,0.0,2015-10-01,0.0,5.0
753,2015-10-01,leyte,8.745312105952507,2015-10-01,27.38494949494949,99.0
754,2015-10-01,maguindanao,4.817043922620634,2015-10-01,,
755,2015-10-01,marinduque,13.218432464470133,2015-10-01,33.87529411764705,51.0
756,2015-10-01,masbate,5.266737861009667,2015-10-01,54.28038461538462,26.0
757,2015-10-01,misamis occidental,17.770366999598092,2015-10-01,38.56814814814815,27.0
758,2015-10-01,misamis oriental,28.252578047746855,2015-10-01,52.23064516129031,31.0
759,2015-10-01,mountain province,81.50591888220454,2015-10-01,21.56296296296297,27.0
760,2015-10-01,negros occidental,19.123046507249104,2015-10-01,34.50263157894737,19.0
761,2015-10-01,negros oriental,26.273159679556013,2015-10-01,60.941428571428574,14.0
762,2015-10-01,northern samar,3.1611607149913308,2015-10-01,48.08583333333333,12.0
763,2015-10-01,nueva ecija,54.10277016408849,2015-10-01,26.83942857142857,70.0
764,2015-10-01,nueva vizcaya,99.27324906530588,2015-10-01,64.36800000000001,10.0
765,2015-10-01,occidental mindoro,12.309863893938214,2015-10-01,41.6858064516129,31.0
766,2015-10-01,oriental mindoro,7.58240833875357,2015-10-01,30.971142857142844,35.0
767,2015-10-01,palawan,19.011665014462444,2015-10-01,53.266875,48.0
768,2015-10-01,pampanga,90.92845888332344,2015-10-01,10.125172413793104,29.0
769,2015-10-01,pangasinan,26.786384670070877,2015-10-01,31.40533333333333,150.0
770,2015-10-01,quezon,20.303085974854323,2015-10-01,34.6812,125.0
771,2015-10-01,quirino,237.0483250525157,2015-10-01,14.222857142857144,7.0
772,2015-10-01,rizal,33.839222779621714,2015-10-01,19.275,74.0
773,2015-10-01,romblon,15.369849819489653,2015-10-01,16.490666666666666,30.0
774,2015-10-01,samar,6.150053620780008,2015-10-01,38.36833333333333,24.0
775,2015-10-01,sarangani,14.515094779894204,2015-10-01,56.748000000000005,30.0
776,2015-10-01,siquijor,53.133855642607095,2015-10-01,68.72406249999999,32.0
777,2015-10-01,sorsogon,4.666126068637453,2015-10-01,13.856666666666667,3.0
778,2015-10-01,south cotabato,30.932580883400068,2015-10-01,43.71484848484848,33.0
779,2015-10-01,southern leyte,5.690574985180794,2015-10-01,38.20394736842105,38.0
780,2015-10-01,sultan kudarat,10.097340828351363,2015-10-01,46.924,10.0
781,2015-10-01,sulu,0.3637549698022749,2015-10-01,,
782,2015-10-01,surigao del norte,36.28207665413286,2015-10-01,87.542,5.0
783,2015-10-01,surigao del sur,38.32840861122836,2015-10-01,15.895,2.0
784,2015-10-01,tarlac,69.91077043133114,2015-10-01,11.015348837209297,43.0
785,2015-10-01,tawi-tawi,0.5118820623728293,2015-10-01,,
786,2015-10-01,zambales,55.97861230950381,2015-10-01,50.6904,25.0
787,2015-10-01,zamboanga del norte,15.720891878824553,2015-10-01,41.647118644067795,59.0
788,2015-10-01,zamboanga del sur,18.531642378822017,2015-10-01,47.37985915492959,71.0
789,2015-10-01,zamboanga sibugay,9.318796011555307,2015-10-01,45.62951219512197,41.0
790,2015-11-01,abra,27.36772267374357,2015-11-01,42.59820000000001,50.0
791,2015-11-01,agusan del norte,54.224759458967036,2015-11-01,48.38636363636363,11.0
792,2015-11-01,agusan del sur,33.11196840661496,2015-11-01,21.023076923076925,13.0
793,2015-11-01,aklan,23.485490316149487,2015-11-01,21.715,10.0
794,2015-11-01,albay,3.9548959329979785,2015-11-01,38.012133333333345,75.0
795,2015-11-01,antique,23.88266908586077,2015-11-01,53.05571428571428,14.0
796,2015-11-01,apayao,103.20177204993959,2015-11-01,32.22363636363636,22.0
797,2015-11-01,aurora,33.592117049865635,2015-11-01,37.21666666666667,12.0
798,2015-11-01,basilan,4.571508184088104,2015-11-01,,
799,2015-11-01,bataan,57.84526391901663,2015-11-01,30.361290322580647,31.0
800,2015-11-01,batangas,34.85090012934546,2015-11-01,22.60736111111111,144.0
801,2015-11-01,benguet,62.911355626018526,2015-11-01,8.867619047619051,42.0
802,2015-11-01,biliran,4.661678670489243,2015-11-01,,
803,2015-11-01,bohol,29.385791284752887,2015-11-01,57.55280000000001,25.0
804,2015-11-01,bukidnon,18.936904777046212,2015-11-01,55.554102564102564,39.0
805,2015-11-01,bulacan,29.009094882826037,2015-11-01,22.414298245614038,114.0
806,2015-11-01,cagayan,16.09245238968749,2015-11-01,41.62777777777777,45.0
807,2015-11-01,camarines norte,1.7143454714707198,2015-11-01,60.16952380952381,21.0
808,2015-11-01,camarines sur,5.22395398003835,2015-11-01,29.998214285714283,28.0
809,2015-11-01,camiguin,92.67840593141798,2015-11-01,59.668125,16.0
810,2015-11-01,capiz,25.479915522259464,2015-11-01,44.41583333333333,12.0
811,2015-11-01,catanduanes,6.131113870112352,2015-11-01,40.77318181818181,22.0
812,2015-11-01,cavite,64.56785347365539,2015-11-01,14.81479166666667,48.0
813,2015-11-01,cebu,42.54851577781428,2015-11-01,34.41790697674418,43.0
814,2015-11-01,compostela valley,8.694388179979269,2015-11-01,56.047777777777775,36.0
815,2015-11-01,cotabato,20.511006728045064,2015-11-01,32.153157894736836,19.0
816,2015-11-01,davao del norte,4.624473105245136,2015-11-01,58.44696969696969,33.0
817,2015-11-01,davao del sur,13.374064643077993,2015-11-01,56.189512195121964,41.0
818,2015-11-01,davao oriental,25.225508893333675,2015-11-01,56.228888888888896,36.0
819,2015-11-01,dinagat islands,7.864602994840821,2015-11-01,63.09318181818182,22.0
820,2015-11-01,eastern samar,16.910694408767874,2015-11-01,,
821,2015-11-01,guimaras,12.599291003533528,2015-11-01,23.729499999999994,40.0
822,2015-11-01,ifugao,42.40589343300362,2015-11-01,19.0795,40.0
823,2015-11-01,ilocos norte,49.06581057224897,2015-11-01,24.819252336448603,107.0
824,2015-11-01,ilocos sur,55.823961674312855,2015-11-01,27.630416666666665,48.0
825,2015-11-01,iloilo,12.455885405854266,2015-11-01,28.412195121951214,41.0
826,2015-11-01,isabela,24.28515668632488,2015-11-01,35.21421686746988,83.0
827,2015-11-01,kalinga,60.18431446304307,2015-11-01,27.42636363636363,11.0
828,2015-11-01,la union,34.95823444390347,2015-11-01,28.590769230769233,52.0
829,2015-11-01,laguna,46.127269749967134,2015-11-01,22.38833333333334,108.0
830,2015-11-01,lanao del norte,19.823103336267547,2015-11-01,45.09071428571429,28.0
831,2015-11-01,lanao del sur,0.09565451121023044,2015-11-01,0.0,8.0
832,2015-11-01,leyte,10.880795294615329,2015-11-01,30.95770270270271,74.0
833,2015-11-01,maguindanao,4.138587032110686,2015-11-01,,
834,2015-11-01,marinduque,5.969614661373608,2015-11-01,35.31948275862069,58.0
835,2015-11-01,masbate,3.922038832666773,2015-11-01,38.492692307692316,26.0
836,2015-11-01,misamis occidental,12.788021111860306,2015-11-01,46.78705882352941,17.0
837,2015-11-01,misamis oriental,35.347682489601844,2015-11-01,48.59193548387098,31.0
838,2015-11-01,mountain province,30.403001487806453,2015-11-01,26.309999999999995,30.0
839,2015-11-01,negros occidental,15.429193079353125,2015-11-01,34.49904761904762,21.0
840,2015-11-01,negros oriental,25.977955638212684,2015-11-01,49.60866666666667,15.0
841,2015-11-01,northern samar,9.957656252222689,2015-11-01,50.90375,8.0
842,2015-11-01,nueva ecija,43.59828042432561,2015-11-01,24.207272727272724,66.0
843,2015-11-01,nueva vizcaya,65.00297377550096,2015-11-01,63.01333333333333,12.0
844,2015-11-01,occidental mindoro,9.027233522221355,2015-11-01,25.51043478260869,23.0
845,2015-11-01,oriental mindoro,5.9237565146512265,2015-11-01,29.32189189189189,37.0
846,2015-11-01,palawan,8.509983387426047,2015-11-01,40.4776,50.0
847,2015-11-01,pampanga,86.25367085813782,2015-11-01,7.758461538461537,26.0
848,2015-11-01,pangasinan,26.41435154965323,2015-11-01,28.2401379310345,145.0
849,2015-11-01,quezon,21.292331463188287,2015-11-01,34.72833333333333,114.0
850,2015-11-01,quirino,37.03880078945559,2015-11-01,44.66652173913043,23.0
851,2015-11-01,rizal,19.03456281353721,2015-11-01,19.84285714285714,63.0
852,2015-11-01,romblon,8.197253237061148,2015-11-01,19.172777777777775,36.0
853,2015-11-01,samar,6.27817973787959,2015-11-01,27.092,20.0
854,2015-11-01,sarangani,16.71991930342244,2015-11-01,66.784375,16.0
855,2015-11-01,siquijor,41.67361226871145,2015-11-01,65.49363636363637,22.0
856,2015-11-01,sorsogon,3.278899399583075,2015-11-01,14.651999999999996,5.0
857,2015-11-01,south cotabato,27.090847069187642,2015-11-01,40.96631578947368,19.0
858,2015-11-01,southern leyte,3.556609365737996,2015-11-01,31.539714285714282,35.0
859,2015-11-01,sultan kudarat,9.358511011642726,2015-11-01,44.52866666666667,15.0
860,2015-11-01,sulu,0.2425033132015166,2015-11-01,,
861,2015-11-01,surigao del norte,34.01444686324955,2015-11-01,76.375,4.0
862,2015-11-01,surigao del sur,36.30223723089911,2015-11-01,5.08,1.0
863,2015-11-01,tarlac,53.000416536422776,2015-11-01,6.577499999999999,40.0
864,2015-11-01,tawi-tawi,1.0237641247456586,2015-11-01,,
865,2015-11-01,zambales,47.29227591664977,2015-11-01,52.1440909090909,22.0
866,2015-11-01,zamboanga del norte,9.986226916737607,2015-11-01,34.52274193548387,62.0
867,2015-11-01,zamboanga del sur,18.211210522127686,2015-11-01,34.82075471698113,53.0
868,2015-11-01,zamboanga sibugay,4.422479463110993,2015-11-01,36.48972972972973,37.0
869,2015-12-01,abra,11.195886548349645,2015-12-01,44.12888888888888,45.0
870,2015-12-01,agusan del norte,65.64810878498943,2015-12-01,35.93833333333333,6.0
871,2015-12-01,agusan del sur,30.68566037681991,2015-12-01,26.73909090909091,11.0
872,2015-12-01,aklan,11.133862075804203,2015-12-01,29.045,8.0
873,2015-12-01,albay,3.7267288599404025,2015-12-01,44.22984126984127,63.0
874,2015-12-01,antique,12.370878950949464,2015-12-01,26.185,6.0
875,2015-12-01,apayao,93.97234528124581,2015-12-01,42.548947368421054,19.0
876,2015-12-01,aurora,43.85637503732458,2015-12-01,38.054,10.0
877,2015-12-01,basilan,5.006889915906019,2015-12-01,,
878,2015-12-01,bataan,53.7698021429041,2015-12-01,26.66291666666667,24.0
879,2015-12-01,batangas,12.507724540563814,2015-12-01,18.139047619047613,126.0
880,2015-12-01,benguet,50.91019340820375,2015-12-01,4.654838709677419,31.0
881,2015-12-01,biliran,5.244388504300399,2015-12-01,61.11,2.0
882,2015-12-01,bohol,23.98063278418953,2015-12-01,46.645,20.0
883,2015-12-01,bukidnon,17.877003390271234,2015-12-01,52.727857142857154,28.0
884,2015-12-01,bulacan,13.729959044018187,2015-12-01,20.175142857142852,70.0
885,2015-12-01,cagayan,2.668178634559584,2015-12-01,41.417333333333346,30.0
886,2015-12-01,camarines norte,0.0,2015-12-01,57.57222222222222,9.0
887,2015-12-01,camarines sur,2.56076175492076,2015-12-01,27.215517241379317,29.0
888,2015-12-01,camiguin,79.11571238047877,2015-12-01,63.42916666666665,12.0
889,2015-12-01,capiz,17.3368497367951,2015-12-01,52.644285714285715,7.0
890,2015-12-01,catanduanes,4.981530019466287,2015-12-01,45.839,10.0
891,2015-12-01,cavite,20.389848465364853,2015-12-01,16.10193548387097,31.0
892,2015-12-01,cebu,24.32885706828853,2015-12-01,43.2109375,32.0
893,2015-12-01,compostela valley,15.894428391524606,2015-12-01,60.8096875,32.0
894,2015-12-01,cotabato,26.164217062983283,2015-12-01,35.63941176470588,17.0
895,2015-12-01,davao del norte,8.166622717773325,2015-12-01,54.96639999999999,25.0
896,2015-12-01,davao del sur,16.110671929780427,2015-12-01,57.00269230769231,26.0
897,2015-12-01,davao oriental,37.74881118080428,2015-12-01,45.75291666666666,24.0
898,2015-12-01,dinagat islands,9.437523593808985,2015-12-01,62.87818181818182,22.0
899,2015-12-01,eastern samar,5.779604418186488,2015-12-01,18.52,1.0
900,2015-12-01,guimaras,9.735815775457727,2015-12-01,15.323888888888886,18.0
901,2015-12-01,ifugao,16.272028875454875,2015-12-01,19.266470588235297,34.0
902,2015-12-01,ilocos norte,16.86110328943264,2015-12-01,22.923689320388352,103.0
903,2015-12-01,ilocos sur,29.57944982223331,2015-12-01,27.31555555555556,36.0
904,2015-12-01,iloilo,7.465143441892455,2015-12-01,22.56307692307692,26.0
905,2015-12-01,isabela,1.8825702857616191,2015-12-01,36.97000000000001,38.0
906,2015-12-01,kalinga,68.64773368440851,2015-12-01,34.7075,8.0
907,2015-12-01,la union,20.339336403725657,2015-12-01,18.047000000000004,40.0
908,2015-12-01,laguna,20.0653623412357,2015-12-01,19.10663366336633,101.0
909,2015-12-01,lanao del norte,18.35109071228728,2015-12-01,55.57117647058825,17.0
910,2015-12-01,lanao del sur,0.0,2015-12-01,,
911,2015-12-01,leyte,4.677725079928085,2015-12-01,29.56571428571429,77.0
912,2015-12-01,maguindanao,5.359809435028593,2015-12-01,,
913,2015-12-01,marinduque,4.264010472409721,2015-12-01,24.38238095238095,42.0
914,2015-12-01,masbate,4.1461553373905895,2015-12-01,35.118620689655174,29.0
915,2015-12-01,misamis occidental,18.26860158837187,2015-12-01,48.99454545454545,11.0
916,2015-12-01,misamis oriental,30.489773142025445,2015-12-01,50.16555555555554,18.0
917,2015-12-01,mountain province,8.409340837052849,2015-12-01,22.997931034482765,29.0
918,2015-12-01,negros occidental,10.983493378522564,2015-12-01,26.89615384615385,13.0
919,2015-12-01,negros oriental,22.21410411108528,2015-12-01,65.67166666666667,12.0
920,2015-12-01,northern samar,1.4225223217460987,2015-12-01,60.0,2.0
921,2015-12-01,nueva ecija,25.88938400463685,2015-12-01,20.73810810810811,37.0
922,2015-12-01,nueva vizcaya,6.190759407190567,2015-12-01,82.30250000000002,4.0
923,2015-12-01,occidental mindoro,7.796247132827535,2015-12-01,16.791999999999998,15.0
924,2015-12-01,oriental mindoro,6.160706775237276,2015-12-01,31.131363636363634,22.0
925,2015-12-01,palawan,2.1727617159385653,2015-12-01,42.720638297872355,47.0
926,2015-12-01,pampanga,41.46000527254781,2015-12-01,9.152666666666667,15.0
927,2015-12-01,pangasinan,17.587020237925323,2015-12-01,22.702072072072077,111.0
928,2015-12-01,quezon,12.813084420325696,2015-12-01,30.47565656565657,99.0
929,2015-12-01,quirino,14.815520315782232,2015-12-01,56.80166666666667,12.0
930,2015-12-01,rizal,9.499945739361015,2015-12-01,13.476346153846151,52.0
931,2015-12-01,romblon,2.049313309265287,2015-12-01,15.229199999999995,25.0
932,2015-12-01,samar,1.0250089367966675,2015-12-01,34.705714285714286,14.0
933,2015-12-01,sarangani,13.596417895090775,2015-12-01,70.60666666666667,12.0
934,2015-12-01,siquijor,32.297049508251376,2015-12-01,70.82181818181817,11.0
935,2015-12-01,sorsogon,2.6483418227401763,2015-12-01,12.35,2.0
936,2015-12-01,south cotabato,34.641841117812056,2015-12-01,38.58636363636364,11.0
937,2015-12-01,southern leyte,2.608180201541197,2015-12-01,29.397777777777783,27.0
938,2015-12-01,sultan kudarat,5.7875002308843175,2015-12-01,30.41714285714286,7.0
939,2015-12-01,sulu,0.2425033132015166,2015-12-01,,
940,2015-12-01,surigao del norte,37.725113793785866,2015-12-01,81.3,3.0
941,2015-12-01,surigao del sur,61.46053186998734,2015-12-01,,
942,2015-12-01,tarlac,28.623153129476943,2015-12-01,4.9140000000000015,30.0
943,2015-12-01,tawi-tawi,0.5118820623728293,2015-12-01,,
944,2015-12-01,zambales,20.87133605505207,2015-12-01,47.29428571428571,14.0
945,2015-12-01,zamboanga del norte,4.449309022308835,2015-12-01,33.2468,50.0
946,2015-12-01,zamboanga del sur,12.443437101629767,2015-12-01,44.162380952380936,42.0
947,2015-12-01,zamboanga sibugay,1.2635655608888552,2015-12-01,35.11827586206896,29.0
